2017-10-09 01:59:01	48.3	118.94
2017-10-09 02:00:01	48.3	118.94
2017-10-09 02:01:02	47.2	116.96
2017-10-09 02:02:02	47.8	118.04
2017-10-09 02:03:01	47.2	116.96
2017-10-09 02:03:23	51.0	123.80
2017-10-09 02:04:02	52.1	125.78
2017-10-09 02:05:01	50.5	122.90
2017-10-09 02:06:02	47.8	118.04
2017-10-09 02:07:01	47.2	116.96
2017-10-09 02:08:02	46.2	115.16
2017-10-09 02:09:02	47.2	116.96
2017-10-09 02:10:02	47.8	118.04
2017-10-09 02:11:01	47.8	118.04
2017-10-09 02:12:02	47.8	118.04
2017-10-09 02:13:01	47.2	116.96
2017-10-09 02:14:01	47.2	116.96
2017-10-09 02:15:02	46.2	115.16
2017-10-09 02:16:01	46.2	115.16
2017-10-09 02:17:02	46.2	115.16
2017-10-09 02:18:02	46.2	115.16
2017-10-09 02:19:01	46.2	115.16
2017-10-09 02:20:02	46.7	116.06
2017-10-09 02:21:01	48.9	120.02
2017-10-09 02:22:01	48.3	118.94
2017-10-09 02:23:02	47.8	118.04
2017-10-09 02:24:01	48.3	118.94
2017-10-09 02:25:01	48.3	118.94
2017-10-09 02:26:02	47.8	118.04
2017-10-09 02:27:01	47.2	116.96
2017-10-09 02:28:02	47.2	116.96
2017-10-09 02:29:01	48.3	118.94
2017-10-09 02:30:01	47.2	116.96
2017-10-09 02:31:01	47.8	118.04
2017-10-09 02:32:01	47.8	118.04
2017-10-09 02:33:02	48.3	118.94
2017-10-09 02:34:01	48.3	118.94
2017-10-09 02:35:01	49.9	121.82
2017-10-09 02:36:02	48.9	120.02
2017-10-09 02:37:01	47.8	118.04
2017-10-09 02:38:01	47.2	184.96
2017-10-09 02:39:02	47.8	118.04
2017-10-09 02:40:01	47.2	116.96
2017-10-09 02:41:01	46.2	115.16
2017-10-09 02:42:02	46.2	115.16
2017-10-09 02:43:01	46.2	115.16
2017-10-09 02:44:02	47.2	116.96
2017-10-09 02:45:02	47.2	116.96
2017-10-09 02:46:02	47.2	116.96
2017-10-09 02:47:02	47.2	116.96
2017-10-09 02:48:02	47.2	116.96
2017-10-09 02:49:01	47.2	116.96
2017-10-09 02:50:01	47.2	116.96
2017-10-09 02:51:02	46.7	116.06
2017-10-09 02:52:01	46.2	115.16
2017-10-09 02:53:02	47.2	116.96
2017-10-09 02:54:02	47.8	118.04
2017-10-09 02:55:02	47.8	118.04
2017-10-09 02:56:01	47.2	116.96
2017-10-09 02:57:02	47.8	118.04
2017-10-09 02:58:01	47.2	116.96
2017-10-09 02:59:01	46.7	116.06
2017-10-09 03:00:01	47.8	118.04
2017-10-09 03:01:01	47.2	116.96
2017-10-09 03:02:02	46.2	115.16
2017-10-09 03:03:01	47.2	116.96
2017-10-09 03:04:01	47.2	116.96
2017-10-09 03:05:02	47.2	116.96
2017-10-09 03:06:02	47.2	116.96
2017-10-09 03:07:01	47.2	116.96
2017-10-09 03:08:02	46.7	116.06
2017-10-09 03:09:01	46.2	115.16
2017-10-09 03:10:01	46.2	115.16
2017-10-09 03:11:02	46.2	115.16
2017-10-09 03:12:01	46.2	115.16
2017-10-09 03:13:02	46.2	115.16
2017-10-09 03:14:01	46.2	115.16
2017-10-09 03:15:01	45.6	114.08
2017-10-09 03:16:02	46.2	115.16
2017-10-09 03:17:01	46.2	115.16
2017-10-09 03:18:01	46.2	115.16
2017-10-09 03:19:02	46.2	115.16
2017-10-09 03:20:01	46.2	115.16
2017-10-09 03:21:02	46.7	116.06
2017-10-09 03:22:02	46.2	115.16
2017-10-09 03:23:01	46.2	115.16
2017-10-09 03:24:02	47.2	116.96
2017-10-09 03:25:01	45.6	114.08
2017-10-09 03:26:01	46.2	115.16
2017-10-09 03:27:02	46.2	115.16
2017-10-09 03:28:01	46.2	115.16
2017-10-09 03:29:01	46.2	115.16
2017-10-09 03:30:02	46.2	115.16
2017-10-09 03:31:01	47.2	116.96
2017-10-09 03:32:02	46.2	115.16
2017-10-09 03:33:02	46.7	116.06
2017-10-09 03:34:02	46.2	115.16
2017-10-09 03:35:01	46.2	115.16
2017-10-09 03:36:02	46.2	115.16
2017-10-09 03:37:02	46.2	115.16
2017-10-09 03:38:01	45.6	114.08
2017-10-09 03:39:02	46.2	115.16
2017-10-09 03:40:01	46.2	115.16
2017-10-09 03:41:01	46.2	115.16
2017-10-09 03:42:02	46.7	116.06
2017-10-09 03:43:01	47.2	116.96
2017-10-09 03:44:01	46.2	115.16
2017-10-09 03:45:01	46.7	116.06
2017-10-09 03:46:02	45.6	114.08
2017-10-09 03:47:02	46.2	115.16
2017-10-09 03:48:01	46.2	115.16
2017-10-09 03:49:02	45.6	114.08
2017-10-09 03:50:02	45.6	114.08
2017-10-09 03:51:01	46.2	115.16
2017-10-09 03:52:02	46.2	115.16
2017-10-09 03:53:02	46.2	115.16
2017-10-09 03:54:01	46.2	115.16
2017-10-09 03:55:02	46.7	116.06
2017-10-09 03:56:02	46.2	115.16
2017-10-09 03:57:01	46.2	115.16
2017-10-09 03:58:02	46.2	115.16
2017-10-09 03:59:01	46.2	115.16
2017-10-09 04:00:02	47.2	116.96
2017-10-09 04:01:01	46.2	115.16
2017-10-09 04:02:02	46.2	115.16
2017-10-09 04:03:01	46.2	115.16
2017-10-09 04:04:01	46.2	115.16
2017-10-09 04:05:02	47.2	116.96
2017-10-09 04:06:01	46.2	115.16
2017-10-09 04:07:01	46.2	115.16
2017-10-09 04:08:02	46.7	116.06
2017-10-09 04:09:01	46.2	115.16
2017-10-09 04:10:01	45.6	114.08
2017-10-09 04:11:02	46.2	115.16
2017-10-09 04:12:01	46.7	116.06
2017-10-09 04:13:02	46.2	115.16
2017-10-09 04:14:02	46.7	116.06
2017-10-09 04:15:01	46.7	116.06
2017-10-09 04:16:02	46.2	115.16
2017-10-09 04:17:02	46.2	115.16
2017-10-09 04:18:01	46.2	115.16
2017-10-09 04:19:02	46.2	115.16
2017-10-09 04:20:02	46.2	115.16
2017-10-09 04:21:02	45.6	114.08
2017-10-09 04:22:01	45.6	114.08
2017-10-09 04:23:02	46.2	115.16
2017-10-09 04:24:02	46.2	115.16
2017-10-09 04:25:01	46.2	115.16
2017-10-09 04:26:02	46.2	115.16
2017-10-09 04:27:01	46.2	115.16
2017-10-09 04:28:01	46.2	115.16
2017-10-09 04:29:02	46.2	115.16
2017-10-09 04:30:01	46.2	115.16
2017-10-09 04:31:02	46.7	116.06
2017-10-09 04:32:01	46.2	115.16
2017-10-09 04:33:01	46.2	115.16
2017-10-09 04:34:02	46.2	115.16
2017-10-09 04:35:02	46.2	115.16
2017-10-09 04:36:01	46.2	115.16
2017-10-09 04:37:01	45.6	114.08
2017-10-09 04:38:02	46.2	115.16
2017-10-09 04:39:01	45.6	114.08
2017-10-09 04:40:02	46.2	115.16
2017-10-09 04:41:01	46.2	115.16
2017-10-09 04:42:01	46.2	115.16
2017-10-09 04:43:02	46.2	115.16
2017-10-09 04:44:01	46.2	115.16
2017-10-09 04:45:01	46.7	116.06
2017-10-09 04:46:02	46.2	115.16
2017-10-09 04:47:01	45.6	114.08
2017-10-09 04:48:01	45.6	114.08
2017-10-09 04:49:02	46.2	115.16
2017-10-09 04:50:01	46.2	115.16
2017-10-09 04:51:02	46.2	115.16
2017-10-09 04:52:02	46.2	115.16
2017-10-09 04:53:01	46.2	115.16
2017-10-09 04:54:01	46.7	116.06
2017-10-09 04:55:02	46.2	115.16
2017-10-09 04:56:01	46.2	115.16
2017-10-09 04:57:01	45.6	114.08
2017-10-09 04:58:02	46.2	115.16
2017-10-09 04:59:01	46.2	115.16
2017-10-09 05:00:01	47.2	116.96
2017-10-09 05:01:02	46.2	115.16
2017-10-09 05:02:01	46.2	115.16
2017-10-09 05:03:01	46.2	115.16
2017-10-09 05:04:02	45.6	114.08
2017-10-09 05:05:01	45.1	113.18
2017-10-09 05:06:01	46.2	115.16
2017-10-09 05:07:02	45.6	114.08
2017-10-09 05:08:01	45.6	114.08
2017-10-09 05:09:02	45.6	114.08
2017-10-09 05:10:02	46.2	115.16
2017-10-09 05:11:01	46.2	115.16
2017-10-09 05:12:02	46.2	115.16
2017-10-09 05:13:01	46.2	115.16
2017-10-09 05:14:01	46.2	115.16
2017-10-09 05:15:02	46.2	115.16
2017-10-09 05:16:01	45.1	113.18
2017-10-09 05:17:01	46.2	115.16
2017-10-09 05:18:02	46.2	115.16
2017-10-09 05:19:01	46.2	115.16
2017-10-09 05:20:01	46.2	115.16
2017-10-09 05:21:02	46.2	115.16
2017-10-09 05:22:01	45.6	114.08
2017-10-09 05:23:01	46.2	115.16
2017-10-09 05:24:02	46.2	115.16
2017-10-09 05:25:01	46.2	115.16
2017-10-09 05:26:02	46.2	115.16
2017-10-09 05:27:01	45.6	114.08
2017-10-09 05:28:02	46.2	115.16
2017-10-09 05:29:01	45.6	114.08
2017-10-09 05:30:01	45.6	114.08
2017-10-09 05:31:01	45.6	114.08
2017-10-09 05:32:01	46.2	115.16
2017-10-09 05:33:02	46.2	115.16
2017-10-09 05:34:01	45.6	114.08
2017-10-09 05:35:01	46.2	115.16
2017-10-09 05:36:01	45.1	113.18
2017-10-09 05:37:02	46.2	115.16
2017-10-09 05:38:01	46.2	115.16
2017-10-09 05:39:01	45.6	114.08
2017-10-09 05:40:02	46.2	115.16
2017-10-09 05:41:01	46.2	115.16
2017-10-09 05:42:01	46.2	115.16
2017-10-09 05:43:02	45.6	114.08
2017-10-09 05:44:01	46.2	115.16
2017-10-09 05:45:01	45.6	114.08
2017-10-09 05:46:02	45.6	114.08
2017-10-09 05:47:01	45.6	114.08
2017-10-09 05:48:01	46.2	115.16
2017-10-09 05:49:02	46.2	115.16
2017-10-09 05:50:01	46.2	115.16
2017-10-09 05:51:02	46.2	115.16
2017-10-09 05:52:02	46.2	115.16
2017-10-09 05:53:01	46.2	115.16
2017-10-09 05:54:02	46.2	115.16
2017-10-09 05:55:01	46.2	115.16
2017-10-09 05:56:01	46.2	115.16
2017-10-09 05:57:02	46.2	115.16
2017-10-09 05:58:01	46.2	115.16
2017-10-09 05:59:02	46.2	115.16
2017-10-09 06:00:02	46.7	116.06
2017-10-09 06:01:01	45.1	113.18
2017-10-09 06:02:02	45.6	114.08
2017-10-09 06:03:01	46.2	115.16
2017-10-09 06:04:01	45.6	114.08
2017-10-09 06:05:01	46.2	115.16
2017-10-09 06:06:02	45.6	114.08
2017-10-09 06:07:01	46.2	115.16
2017-10-09 06:08:02	46.7	116.06
2017-10-09 06:09:01	46.2	115.16
2017-10-09 06:10:02	46.2	115.16
2017-10-09 06:11:01	46.2	115.16
2017-10-09 06:12:01	45.6	114.08
2017-10-09 06:13:02	45.6	114.08
2017-10-09 06:14:01	46.2	115.16
2017-10-09 06:15:02	46.2	115.16
2017-10-09 06:16:01	46.2	115.16
2017-10-09 06:17:02	46.2	115.16
2017-10-09 06:18:02	45.6	114.08
2017-10-09 06:19:01	46.2	115.16
2017-10-09 06:20:02	45.6	114.08
2017-10-09 06:21:02	45.6	114.08
2017-10-09 06:22:01	45.6	114.08
2017-10-09 06:23:02	46.2	115.16
2017-10-09 06:24:01	46.7	116.06
2017-10-09 06:25:01	47.2	116.96
2017-10-09 06:26:02	50.5	122.90
2017-10-09 06:27:02	47.2	116.96
2017-10-09 06:28:01	47.8	118.04
2017-10-09 06:29:01	48.3	118.94
2017-10-09 06:30:02	47.2	116.96
2017-10-09 06:31:01	48.3	118.94
2017-10-09 06:32:01	47.8	118.04
2017-10-09 06:33:02	47.8	118.04
2017-10-09 06:34:01	47.8	118.04
2017-10-09 06:35:02	48.3	118.94
2017-10-09 06:36:02	48.3	118.94
2017-10-09 06:37:02	48.3	118.94
2017-10-09 06:38:01	49.4	120.92
2017-10-09 06:39:02	48.3	118.94
2017-10-09 06:40:01	48.3	118.94
2017-10-09 06:41:01	48.3	118.94
2017-10-09 06:42:02	48.3	118.94
2017-10-09 06:43:01	48.3	118.94
2017-10-09 06:44:01	48.9	120.02
2017-10-09 06:45:02	48.3	118.94
2017-10-09 06:46:01	48.9	120.02
2017-10-09 06:47:02	48.3	118.94
2017-10-09 06:48:01	48.3	118.94
2017-10-09 06:49:01	48.9	120.02
2017-10-09 06:50:01	48.9	120.02
2017-10-09 06:51:02	48.9	120.02
2017-10-09 06:52:01	48.3	118.94
2017-10-09 06:53:02	49.4	120.92
2017-10-09 06:54:01	48.9	120.02
2017-10-09 06:55:02	48.3	118.94
2017-10-09 06:56:01	49.4	120.92
2017-10-09 06:57:02	49.4	120.92
2017-10-09 06:58:02	49.4	120.92
2017-10-09 06:59:01	48.3	118.94
2017-10-09 07:00:02	49.4	120.92
2017-10-09 07:01:01	49.4	120.92
2017-10-09 07:02:01	48.9	120.02
2017-10-09 07:03:02	49.4	120.92
2017-10-09 07:04:01	48.9	120.02
2017-10-09 07:05:02	49.4	120.92
2017-10-09 07:06:02	48.9	120.02
2017-10-09 07:07:01	48.9	120.02
2017-10-09 07:08:02	49.4	120.92
2017-10-09 07:09:01	49.4	120.92
2017-10-09 07:10:01	49.4	120.92
2017-10-09 07:11:02	49.4	120.92
2017-10-09 07:12:01	49.4	120.92
2017-10-09 07:13:02	49.4	120.92
2017-10-09 07:14:01	49.4	120.92
2017-10-09 23:19:23	44.0	111.20
2017-10-09 23:20:02	42.9	109.22
2017-10-09 23:21:01	44.0	111.20
2017-10-09 23:22:01	46.2	115.16
2017-10-09 23:23:02	46.2	115.16
2017-10-09 23:24:02	47.2	116.96
2017-10-09 23:25:01	47.8	118.04
2017-10-09 23:26:02	48.3	118.94
2017-10-09 23:27:01	48.3	118.94
2017-10-09 23:28:02	48.3	118.94
2017-10-09 23:29:02	49.4	120.92
2017-10-09 23:30:01	49.4	120.92
2017-10-09 23:31:01	48.9	120.02
2017-10-09 23:32:02	49.4	120.92
2017-10-09 23:33:02	49.4	120.92
2017-10-09 23:34:02	49.4	120.92
2017-10-09 23:35:01	50.5	122.90
2017-10-09 23:36:01	49.4	120.92
2017-10-09 23:37:02	49.9	121.82
2017-10-09 23:38:01	49.9	121.82
2017-10-09 23:39:02	50.5	122.90
2017-10-09 23:40:01	50.5	122.90
2017-10-09 23:41:02	50.5	122.90
2017-10-09 23:42:01	50.5	122.90
2017-10-09 23:43:01	50.5	122.90
2017-10-09 23:44:02	50.5	122.90
2017-10-09 23:45:01	50.5	122.90
2017-10-09 23:46:02	50.5	122.90
2017-10-09 23:47:01	50.5	122.90
2017-10-09 23:48:02	50.5	122.90
2017-10-09 23:49:01	51.0	123.80
2017-10-09 23:50:01	50.5	122.90
2017-10-09 23:51:02	50.5	122.90
2017-10-09 23:52:01	51.0	123.80
2017-10-09 23:53:02	50.5	122.90
2017-10-09 23:54:01	50.5	122.90
2017-10-09 23:55:02	50.5	122.90
2017-10-09 23:56:02	51.0	123.80
2017-10-09 23:57:01	51.0	123.80
2017-10-09 23:58:02	51.0	123.80
2017-10-09 23:59:01	49.9	121.82
2017-10-10 00:00:01	49.9	121.82
2017-10-10 00:01:01	48.9	120.02
2017-10-10 00:02:01	48.3	118.94
2017-10-10 00:03:01	48.3	118.94
2017-10-10 00:04:02	48.3	118.94
2017-10-10 00:05:02	48.3	118.94
2017-10-10 00:06:02	47.8	118.04
2017-10-10 00:07:02	47.8	118.04
2017-10-10 00:08:02	47.2	116.96
2017-10-10 00:09:01	47.8	118.04
2017-10-10 00:10:02	47.8	118.04
2017-10-10 00:11:01	47.8	118.04
2017-10-10 00:12:01	47.2	116.96
2017-10-10 00:13:02	47.2	116.96
2017-10-10 00:14:01	46.2	115.16
2017-10-10 00:15:01	47.2	116.96
2017-10-10 00:16:02	47.2	116.96
2017-10-10 00:17:02	47.2	116.96
2017-10-10 00:18:02	46.7	116.06
2017-10-10 00:19:01	46.2	115.16
2017-10-10 00:20:01	47.2	116.96
2017-10-10 00:21:02	46.7	116.06
2017-10-10 00:22:02	46.2	115.16
2017-10-10 00:23:01	46.2	115.16
2017-10-10 00:24:01	46.2	115.16
2017-10-10 00:25:02	46.2	115.16
2017-10-10 00:26:01	46.7	116.06
2017-10-10 00:27:02	46.2	115.16
2017-10-10 00:28:02	46.2	115.16
2017-10-10 00:29:01	46.2	115.16
2017-10-10 00:30:02	48.3	118.94
2017-10-10 00:31:01	48.3	118.94
2017-10-10 00:32:01	47.2	116.96
2017-10-10 00:33:01	47.2	116.96
2017-10-10 00:34:02	47.2	116.96
2017-10-10 00:35:01	47.8	118.04
2017-10-10 00:36:02	50.5	122.90
2017-10-10 00:37:01	47.8	118.04
2017-10-10 00:38:02	48.3	118.94
2017-10-10 00:39:01	50.5	122.90
2017-10-10 00:40:02	48.3	118.94
2017-10-10 00:41:01	48.3	118.94
2017-10-13 19:01:02	41.9	107.42
2017-10-13 19:01:02	42.4	108.32
2017-10-13 19:02:02	41.9	107.42
2017-10-13 19:03:02	49.4	120.92
2017-10-13 19:04:02	50.5	122.90
2017-10-13 19:05:02	48.3	118.94
2017-10-13 19:06:01	45.1	113.18
2017-10-13 19:07:01	41.9	107.42
2017-10-13 19:08:02	42.4	108.32
2017-10-13 19:09:02	42.9	109.22
2017-10-13 19:10:02	41.9	107.42
2017-10-13 19:11:02	41.9	107.42
2017-10-13 19:12:01	41.9	107.42
2017-10-13 19:13:02	42.9	109.22
2017-10-13 19:14:01	41.9	107.42
2017-10-13 19:15:02	42.4	108.32
2017-10-13 19:16:01	42.9	109.22
2017-10-13 19:17:01	44.0	111.20
2017-10-13 19:18:02	42.9	109.22
2017-10-13 19:19:01	41.9	107.42
2017-10-13 19:20:02	42.9	109.22
2017-10-13 19:21:02	44.5	112.10
2017-10-13 19:26:46	20.0	68.00
2017-10-13 19:27:03	20.0	68.00
2017-10-13 19:29:03	20.0	68.00
2017-10-13 19:29:07	20.0	68.00
2017-10-13 19:30:03	20.0	68.00
2017-10-13 19:30:06	20.0	68.00
2017-10-13 19:31:22	20.0	68.00
2017-10-13 19:36:21	20.0	68.00
2017-10-13 19:41:28	20.0	68.00
2017-10-13 19:47:40	19.0	66.20
2017-10-13 20:26:47	19.0	66.20
2017-10-13 20:28:19	23.0	73.40
2017-10-13 20:30:09	23.0	73.40
2017-10-13 20:30:45	23.0	73.40
t{1:.1f}	{2:.2f}
t{1:.1f}	{2:.2f}
2017-10-13 22:35:16	19.0	19.00
2017-10-13 22:36:56	18.0	18.00
2017-10-13 22:38:58	17.0	17.00
2017-10-13 22:40:23	17.0	17.00
2017-10-13 22:40:44	17.0	17.00
2017-10-13 22:41:15	17.0	17.00
2017-10-13 22:42:48	22.0	18.00
2017-10-13 22:54:57	22.0	17.00
2017-10-13 23:01:04	22.0	17.00
2017-10-13 23:05:32	22.0	16.00
2017-10-14 00:49:06	22.0	18.00
2017-10-14 00:50:11	23.0	19.00
2017-10-14 00:51:13	23.0	19.00
2017-10-14 00:52:06	23.0	20.00
2017-10-14 00:53:06	22.0	20.00
2017-10-14 00:54:06	22.0	21.00
2017-10-14 00:55:10	22.0	20.00
2017-10-14 00:56:06	21.0	20.00
2017-10-14 00:57:06	22.0	19.00
2017-10-14 00:58:06	23.0	17.00
2017-10-14 00:59:08	23.0	15.00
2017-10-14 01:00:06	24.0	14.00
2017-10-14 01:01:06	24.0	13.00
2017-10-14 01:02:05	25.0	13.00
2017-10-14 01:03:11	25.0	12.00
2017-10-14 01:04:09	25.0	12.00
2017-10-14 01:05:06	26.0	12.00
2017-10-14 01:06:13	26.0	12.00
2017-10-14 01:07:06	26.0	12.00
2017-10-14 01:08:11	26.0	12.00
2017-10-14 01:09:11	26.0	12.00
2017-10-14 01:10:09	26.0	11.00
2017-10-14 01:11:08	26.0	11.00
2017-10-14 01:12:09	27.0	11.00
2017-10-14 01:13:06	27.0	11.00
2017-10-14 01:14:08	27.0	11.00
2017-10-14 01:15:06	27.0	11.00
2017-10-14 01:16:08	27.0	11.00
2017-10-14 01:17:09	27.0	11.00
2017-10-14 01:18:06	27.0	11.00
2017-10-14 01:19:05	27.0	11.00
2017-10-14 01:20:06	27.0	11.00
2017-10-14 01:21:06	27.0	11.00
2017-10-14 01:22:08	27.0	11.00
2017-10-14 01:23:06	27.0	11.00
2017-10-14 01:24:09	27.0	11.00
2017-10-14 01:25:06	27.0	11.00
2017-10-14 01:26:06	27.0	10.00
2017-10-14 01:27:05	27.0	10.00
2017-10-14 01:28:06	27.0	11.00
2017-10-14 01:29:11	27.0	10.00
2017-10-14 01:30:05	28.0	10.00
2017-10-14 01:31:11	28.0	11.00
2017-10-14 01:32:09	28.0	11.00
2017-10-14 01:33:11	28.0	11.00
2017-10-14 01:34:06	28.0	11.00
2017-10-14 01:35:06	28.0	10.00
2017-10-14 01:36:11	28.0	10.00
2017-10-14 01:37:08	28.0	11.00
2017-10-14 01:38:19	28.0	10.00
2017-10-14 01:39:06	28.0	9.00
2017-10-14 01:40:08	28.0	10.00
2017-10-14 01:41:06	28.0	9.00
2017-10-14 01:42:06	28.0	9.00
2017-10-14 01:43:06	28.0	10.00
2017-10-14 01:44:06	28.0	9.00
2017-10-14 01:45:09	14.0	10.00
2017-10-14 01:46:06	28.0	9.00
2017-10-14 01:47:06	28.0	9.00
2017-10-14 01:48:05	28.0	9.00
2017-10-14 01:49:06	28.0	9.00
2017-10-14 01:50:09	28.0	9.00
2017-10-14 01:51:06	28.0	9.00
2017-10-14 01:52:08	28.0	8.00
2017-10-14 01:53:06	28.0	8.00
2017-10-14 01:54:06	28.0	9.00
2017-10-14 01:55:06	28.0	8.00
2017-10-14 01:56:08	28.0	8.00
2017-10-14 01:57:08	28.0	8.00
2017-10-14 01:58:06	28.0	8.00
2017-10-14 01:59:06	28.0	8.00
2017-10-14 02:00:06	28.0	8.00
2017-10-14 02:01:05	28.0	8.00
2017-10-14 02:02:09	28.0	8.00
2017-10-14 02:03:05	28.0	8.00
2017-10-14 02:04:06	28.0	8.00
2017-10-14 02:05:11	28.0	9.00
2017-10-14 02:06:06	29.0	8.00
2017-10-14 02:07:06	29.0	8.00
2017-10-14 02:08:11	28.0	9.00
2017-10-14 02:09:06	29.0	9.00
2017-10-14 02:10:09	29.0	8.00
2017-10-14 02:11:08	29.0	8.00
2017-10-14 02:12:11	29.0	8.00
2017-10-14 02:13:06	29.0	8.00
2017-10-14 02:14:06	29.0	8.00
2017-10-14 02:15:06	29.0	8.00
2017-10-14 02:16:06	29.0	8.00
2017-10-14 02:17:08	29.0	8.00
2017-10-14 02:18:06	29.0	8.00
2017-10-14 02:19:06	29.0	8.00
2017-10-14 02:20:06	29.0	9.00
2017-10-14 02:21:05	29.0	8.00
2017-10-14 02:22:06	29.0	8.00
2017-10-14 02:23:06	29.0	8.00
2017-10-14 02:24:06	29.0	8.00
2017-10-14 02:25:05	29.0	8.00
2017-10-14 02:26:09	29.0	8.00
2017-10-14 02:27:06	29.0	8.00
2017-10-14 02:28:05	29.0	8.00
2017-10-14 02:29:06	29.0	8.00
2017-10-14 02:30:11	29.0	8.00
2017-10-14 02:31:09	29.0	8.00
2017-10-14 02:32:06	29.0	8.00
2017-10-14 02:33:08	29.0	8.00
2017-10-14 02:34:06	29.0	8.00
2017-10-14 02:35:08	29.0	8.00
2017-10-14 02:36:09	29.0	8.00
2017-10-14 02:37:08	29.0	8.00
2017-10-14 02:38:06	29.0	8.00
2017-10-14 02:39:09	29.0	8.00
2017-10-14 02:40:09	29.0	8.00
2017-10-14 02:41:11	29.0	8.00
2017-10-14 02:42:06	29.0	8.00
2017-10-14 02:43:06	29.0	8.00
2017-10-14 02:44:06	14.0	8.00
2017-10-14 02:45:06	29.0	8.00
2017-10-14 02:46:06	29.0	8.00
2017-10-14 02:47:14	29.0	8.00
2017-10-14 02:48:06	29.0	8.00
2017-10-14 02:49:08	29.0	8.00
2017-10-14 02:50:06	29.0	8.00
2017-10-14 02:51:06	29.0	8.00
2017-10-14 02:52:08	29.0	8.00
2017-10-14 02:53:09	29.0	8.00
2017-10-14 02:54:13	29.0	8.00
2017-10-14 02:55:06	29.0	9.00
2017-10-14 02:56:06	29.0	10.00
2017-10-14 02:57:06	29.0	10.00
2017-10-14 02:58:06	29.0	10.00
2017-10-14 02:59:11	29.0	10.00
2017-10-14 03:00:08	29.0	10.00
2017-10-14 03:01:06	29.0	9.00
2017-10-14 03:02:06	29.0	9.00
2017-10-14 03:03:06	29.0	10.00
2017-10-14 03:04:09	29.0	10.00
2017-10-14 03:05:05	29.0	10.00
2017-10-14 03:06:06	29.0	10.00
2017-10-14 03:07:09	29.0	10.00
2017-10-14 03:08:11	29.0	10.00
2017-10-14 03:09:08	29.0	9.00
2017-10-14 03:10:06	29.0	10.00
2017-10-14 03:11:05	29.0	10.00
2017-10-14 03:12:09	29.0	9.00
2017-10-14 03:13:08	29.0	9.00
2017-10-14 03:14:08	29.0	9.00
2017-10-14 03:15:08	29.0	10.00
2017-10-14 03:16:09	29.0	10.00
2017-10-14 03:17:06	29.0	9.00
2017-10-14 03:18:05	29.0	9.00
2017-10-14 03:19:06	29.0	9.00
2017-10-14 03:20:09	29.0	9.00
2017-10-14 03:21:08	29.0	9.00
2017-10-14 03:22:06	29.0	9.00
2017-10-14 03:23:06	29.0	9.00
2017-10-14 03:24:05	29.0	9.00
2017-10-14 03:25:11	29.0	9.00
2017-10-14 03:26:09	29.0	9.00
2017-10-14 03:27:05	29.0	10.00
2017-10-14 03:28:06	29.0	9.00
2017-10-14 03:29:06	29.0	9.00
2017-10-14 03:30:11	29.0	10.00
2017-10-14 03:31:06	29.0	10.00
2017-10-14 03:32:11	29.0	9.00
2017-10-14 03:33:05	29.0	9.00
2017-10-14 03:34:11	29.0	9.00
2017-10-14 03:35:06	29.0	9.00
2017-10-14 03:36:06	29.0	10.00
2017-10-14 03:37:16	29.0	9.00
2017-10-14 03:38:06	29.0	9.00
2017-10-14 03:39:06	29.0	9.00
2017-10-14 03:40:06	29.0	9.00
2017-10-14 03:41:11	29.0	9.00
2017-10-14 03:42:06	29.0	9.00
2017-10-14 03:43:08	29.0	9.00
2017-10-14 03:44:09	29.0	9.00
2017-10-14 03:45:05	29.0	9.00
2017-10-14 03:46:06	29.0	9.00
2017-10-14 03:47:06	29.0	10.00
2017-10-14 03:48:06	29.0	9.00
2017-10-14 03:49:06	29.0	9.00
2017-10-14 03:50:06	29.0	9.00
2017-10-14 03:51:08	29.0	9.00
2017-10-14 03:52:05	29.0	9.00
2017-10-14 03:53:06	29.0	9.00
2017-10-14 03:54:06	29.0	9.00
2017-10-14 03:55:11	29.0	9.00
2017-10-14 03:56:06	29.0	9.00
2017-10-14 03:57:13	29.0	9.00
2017-10-14 03:58:13	29.0	9.00
2017-10-14 03:59:09	29.0	9.00
2017-10-14 04:00:08	29.0	9.00
2017-10-14 04:01:06	29.0	9.00
2017-10-14 04:02:06	29.0	9.00
2017-10-14 04:03:06	29.0	9.00
2017-10-14 04:04:09	29.0	9.00
2017-10-14 04:05:06	29.0	9.00
2017-10-14 04:06:21	29.0	9.00
2017-10-14 14:17:08	29.0	8.00
2017-10-14 14:17:17	29.0	8.00
2017-10-14 14:18:06	29.0	8.00
2017-10-14 14:19:06	29.0	8.00
2017-10-14 14:20:06	29.0	8.00
2017-10-14 14:21:06	29.0	8.00
2017-10-14 14:22:05	29.0	8.00
2017-10-14 14:23:06	29.0	8.00
2017-10-14 14:24:05	29.0	8.00
2017-10-14 14:25:05	29.0	8.00
2017-10-14 14:26:06	29.0	8.00
2017-10-14 14:27:06	29.0	8.00
2017-10-14 14:28:06	29.0	8.00
2017-10-14 14:29:05	29.0	8.00
2017-10-14 14:30:06	29.0	8.00
2017-10-14 14:31:06	29.0	8.00
2017-10-14 14:32:06	29.0	8.00
2017-10-14 14:33:06	29.0	8.00
2017-10-14 14:34:06	29.0	8.00
2017-10-14 14:35:06	29.0	8.00
2017-10-14 14:36:06	29.0	8.00
2017-10-14 14:37:06	29.0	8.00
2017-10-14 14:38:06	29.0	8.00
2017-10-14 14:39:09	29.0	8.00
2017-10-14 14:40:06	29.0	8.00
2017-10-14 14:41:06	29.0	8.00
2017-10-14 14:42:05	29.0	8.00
2017-10-14 14:43:06	29.0	8.00
2017-10-14 14:44:06	29.0	8.00
2017-10-14 14:45:09	29.0	8.00
2017-10-14 14:46:08	29.0	8.00
2017-10-14 14:47:06	29.0	8.00
2017-10-14 14:48:06	29.0	8.00
2017-10-14 14:49:06	29.0	8.00
2017-10-14 16:39:35	29.0	8.00
2017-10-14 16:40:06	29.0	9.00
2017-10-14 16:41:06	29.0	9.00
2017-10-14 16:42:06	29.0	9.00
2017-10-14 16:43:08	29.0	9.00
2017-10-14 16:44:06	29.0	9.00
2017-10-14 16:45:06	29.0	9.00
2017-10-14 16:46:06	29.0	9.00
2017-10-14 16:47:06	29.0	8.00
2017-10-14 16:48:08	29.0	8.00
2017-10-14 16:49:06	29.0	8.00
2017-10-14 16:50:06	29.0	8.00
2017-10-14 16:51:06	29.0	8.00
2017-10-14 16:52:05	29.0	8.00
2017-10-14 16:53:09	29.0	8.00
2017-10-14 16:54:06	29.0	8.00
2017-10-14 16:55:06	29.0	8.00
2017-10-14 16:56:06	29.0	8.00
2017-10-14 16:57:06	29.0	8.00
2017-10-14 16:58:08	29.0	8.00
2017-10-14 16:59:06	29.0	8.00
2017-10-14 17:00:09	29.0	8.00
2017-10-14 17:01:06	29.0	8.00
2017-10-14 17:02:06	29.0	8.00
2017-10-14 17:03:06	29.0	8.00
2017-10-14 17:04:06	29.0	8.00
2017-10-14 17:05:05	29.0	8.00
2017-10-14 17:06:06	29.0	8.00
2017-10-14 17:07:06	29.0	8.00
2017-10-14 17:08:06	29.0	8.00
2017-10-14 17:09:05	29.0	8.00
2017-10-14 17:10:06	29.0	8.00
2017-10-14 17:11:06	29.0	8.00
2017-10-14 17:12:06	29.0	8.00
2017-10-14 17:13:06	29.0	8.00
2017-10-14 17:14:08	29.0	8.00
2017-10-14 17:15:06	29.0	8.00
2017-10-14 17:16:06	29.0	8.00
2017-10-14 17:17:06	29.0	8.00
2017-10-14 17:18:06	29.0	8.00
2017-10-14 17:19:08	29.0	8.00
2017-10-14 17:20:09	29.0	8.00
2017-10-14 17:21:06	29.0	8.00
2017-10-14 17:22:06	29.0	8.00
2017-10-14 17:23:06	29.0	8.00
2017-10-14 17:24:06	29.0	8.00
2017-10-14 17:25:06	29.0	8.00
2017-10-14 17:26:06	29.0	8.00
2017-10-14 17:27:06	29.0	8.00
2017-10-14 17:28:06	29.0	8.00
2017-10-14 17:29:06	29.0	8.00
2017-10-14 17:30:06	29.0	8.00
2017-10-14 17:31:06	29.0	8.00
2017-10-14 17:32:06	29.0	8.00
2017-10-14 17:33:06	29.0	8.00
2017-10-14 17:34:06	29.0	8.00
2017-10-14 17:35:06	29.0	8.00
2017-10-14 17:36:06	29.0	8.00
2017-10-14 17:37:06	29.0	8.00
2017-10-14 17:38:06	29.0	8.00
2017-10-14 17:39:06	29.0	8.00
2017-10-14 17:40:06	29.0	8.00
2017-10-14 17:41:08	29.0	8.00
2017-10-14 17:42:06	29.0	8.00
2017-10-14 17:43:06	29.0	8.00
2017-10-14 17:44:06	29.0	8.00
2017-10-14 17:45:06	29.0	8.00
2017-10-14 17:46:06	29.0	8.00
2017-10-14 17:47:06	29.0	8.00
2017-10-14 17:48:05	29.0	8.00
2017-10-14 17:49:09	29.0	8.00
2017-10-14 17:50:09	29.0	8.00
2017-10-14 17:51:06	29.0	8.00
2017-10-14 17:52:05	29.0	8.00
2017-10-14 17:53:06	29.0	8.00
2017-10-14 17:54:06	29.0	8.00
2017-10-14 17:55:09	29.0	8.00
2017-10-14 17:56:05	29.0	8.00
2017-10-14 17:57:09	29.0	8.00
2017-10-14 17:58:06	29.0	8.00
2017-10-14 17:59:06	29.0	8.00
2017-10-14 18:00:06	29.0	8.00
2017-10-14 18:01:05	29.0	8.00
2017-10-14 18:02:06	29.0	8.00
2017-10-14 18:03:06	29.0	8.00
2017-10-14 18:04:08	29.0	8.00
2017-10-14 18:05:06	29.0	8.00
2017-10-14 18:06:06	29.0	8.00
2017-10-14 18:07:06	29.0	8.00
2017-10-14 18:08:05	29.0	8.00
2017-10-14 18:09:06	29.0	8.00
2017-10-14 18:10:06	29.0	8.00
2017-10-14 18:11:06	29.0	8.00
2017-10-14 18:12:06	29.0	8.00
2017-10-14 18:13:06	29.0	8.00
2017-10-14 18:14:06	29.0	8.00
2017-10-14 18:15:06	29.0	8.00
2017-10-14 18:16:08	29.0	8.00
2017-10-14 18:17:06	29.0	8.00
2017-10-14 18:18:08	29.0	8.00
2017-10-14 18:19:06	29.0	8.00
2017-10-14 18:20:06	29.0	8.00
2017-10-14 18:21:06	29.0	8.00
2017-10-14 18:22:05	29.0	8.00
2017-10-14 18:23:06	29.0	8.00
2017-10-14 18:24:06	29.0	8.00
2017-10-14 18:25:06	29.0	8.00
2017-10-14 18:26:06	29.0	8.00
2017-10-14 18:27:06	29.0	8.00
2017-10-14 18:28:05	29.0	8.00
2017-10-14 18:29:06	29.0	8.00
2017-10-14 18:30:06	29.0	8.00
2017-10-14 18:31:06	29.0	8.00
2017-10-14 18:32:06	29.0	8.00
2017-10-14 18:33:08	29.0	8.00
2017-10-14 18:34:06	29.0	8.00
2017-10-14 18:35:08	29.0	8.00
2017-10-14 18:36:06	29.0	8.00
2017-10-14 18:37:06	29.0	8.00
2017-10-14 18:38:06	29.0	8.00
2017-10-14 18:39:09	29.0	8.00
2017-10-14 18:40:05	29.0	8.00
2017-10-14 18:41:06	29.0	8.00
2017-10-14 18:42:06	29.0	8.00
2017-10-14 18:43:06	29.0	8.00
2017-10-14 18:44:05	29.0	8.00
2017-10-14 18:45:06	29.0	8.00
2017-10-14 18:46:05	29.0	8.00
2017-10-14 18:47:09	29.0	8.00
2017-10-14 18:48:05	29.0	8.00
2017-10-14 18:49:06	29.0	8.00
2017-10-14 18:50:06	29.0	8.00
2017-10-14 18:51:06	29.0	8.00
2017-10-14 18:52:05	29.0	8.00
2017-10-14 18:53:05	29.0	8.00
2017-10-14 18:54:09	29.0	8.00
2017-10-14 18:55:06	29.0	8.00
2017-10-14 18:56:06	29.0	8.00
2017-10-14 18:57:06	29.0	8.00
2017-10-14 18:58:06	29.0	8.00
2017-10-14 18:59:06	29.0	8.00
2017-10-14 19:00:06	29.0	8.00
2017-10-14 19:01:06	29.0	8.00
2017-10-14 19:02:05	29.0	8.00
2017-10-14 19:03:06	29.0	8.00
2017-10-14 19:04:05	29.0	8.00
2017-10-14 19:05:06	29.0	8.00
2017-10-14 19:06:06	29.0	8.00
2017-10-14 19:07:06	29.0	8.00
2017-10-14 19:08:06	29.0	8.00
2017-10-14 19:09:06	29.0	8.00
2017-10-14 19:10:06	29.0	8.00
2017-10-14 19:11:06	29.0	8.00
2017-10-14 19:12:08	29.0	8.00
2017-10-14 19:13:08	29.0	8.00
2017-10-14 19:14:06	29.0	8.00
2017-10-14 19:15:08	29.0	8.00
2017-10-14 19:16:06	29.0	8.00
2017-10-14 19:17:11	29.0	8.00
2017-10-14 19:18:06	29.0	8.00
2017-10-14 19:19:06	29.0	8.00
2017-10-14 19:20:08	29.0	8.00
2017-10-14 19:21:06	29.0	8.00
2017-10-14 19:22:06	29.0	8.00
2017-10-14 19:23:05	29.0	8.00
2017-10-14 19:24:05	29.0	8.00
2017-10-14 19:25:06	29.0	8.00
2017-10-14 19:26:06	29.0	8.00
2017-10-14 19:27:06	29.0	8.00
2017-10-14 19:28:06	29.0	8.00
2017-10-14 19:29:06	29.0	8.00
2017-10-14 19:30:06	29.0	8.00
2017-10-14 19:31:06	29.0	8.00
2017-10-14 19:32:06	29.0	8.00
2017-10-14 19:33:06	29.0	8.00
2017-10-14 19:34:06	29.0	8.00
2017-10-14 19:35:06	29.0	8.00
2017-10-14 19:36:06	29.0	8.00
2017-10-14 19:37:05	29.0	8.00
2017-10-14 19:38:06	29.0	8.00
2017-10-14 19:39:06	29.0	8.00
2017-10-14 19:40:05	29.0	8.00
2017-10-14 19:41:09	29.0	8.00
2017-10-14 19:42:06	29.0	8.00
2017-10-14 19:43:06	29.0	8.00
2017-10-14 19:44:08	29.0	8.00
2017-10-14 19:45:06	29.0	8.00
2017-10-14 19:46:06	29.0	8.00
2017-10-14 19:47:06	29.0	8.00
2017-10-14 19:48:06	29.0	8.00
2017-10-14 19:49:06	29.0	8.00
2017-10-14 19:50:06	29.0	8.00
2017-10-14 19:51:06	29.0	8.00
2017-10-14 19:52:06	29.0	8.00
2017-10-14 19:53:06	29.0	8.00
2017-10-14 19:54:06	29.0	8.00
2017-10-14 19:55:08	29.0	8.00
2017-10-14 19:56:06	29.0	8.00
2017-10-14 19:57:06	29.0	8.00
2017-10-14 19:58:05	29.0	8.00
2017-10-14 19:59:06	29.0	8.00
2017-10-14 20:00:06	29.0	8.00
2017-10-14 20:01:06	29.0	8.00
2017-10-14 20:02:06	29.0	8.00
2017-10-14 20:03:09	29.0	8.00
2017-10-14 20:04:06	29.0	8.00
2017-10-14 20:05:09	29.0	8.00
2017-10-14 20:06:06	29.0	8.00
2017-10-14 20:07:06	29.0	8.00
2017-10-14 20:08:06	29.0	8.00
2017-10-14 20:09:06	29.0	8.00
2017-10-14 20:10:06	29.0	8.00
2017-10-14 20:11:08	29.0	8.00
2017-10-14 20:12:09	29.0	8.00
2017-10-14 20:13:06	29.0	8.00
2017-10-14 20:14:11	29.0	8.00
2017-10-14 20:15:06	29.0	8.00
2017-10-14 20:16:06	29.0	8.00
2017-10-14 20:17:09	29.0	8.00
2017-10-14 20:18:06	29.0	8.00
2017-10-14 20:19:11	29.0	8.00
2017-10-14 20:20:06	29.0	8.00
2017-10-14 20:21:06	29.0	8.00
2017-10-14 20:22:06	29.0	8.00
2017-10-14 20:23:06	29.0	8.00
2017-10-14 20:24:08	29.0	8.00
2017-10-14 20:25:06	29.0	8.00
2017-10-14 20:26:06	29.0	8.00
2017-10-14 20:27:06	29.0	8.00
2017-10-14 20:28:06	29.0	8.00
2017-10-14 20:29:05	29.0	8.00
2017-10-14 20:30:06	29.0	8.00
2017-10-14 20:31:06	29.0	8.00
2017-10-14 20:32:06	29.0	8.00
2017-10-14 20:33:06	29.0	8.00
2017-10-14 20:34:06	29.0	8.00
2017-10-14 20:35:06	29.0	8.00
2017-10-14 20:36:05	29.0	8.00
2017-10-14 20:37:06	29.0	8.00
2017-10-14 20:38:06	29.0	8.00
2017-10-14 20:39:08	29.0	8.00
2017-10-14 20:40:06	29.0	8.00
2017-10-14 20:41:05	29.0	8.00
2017-10-14 20:42:06	29.0	8.00
2017-10-14 20:43:06	29.0	8.00
2017-10-14 20:44:06	29.0	8.00
2017-10-14 20:45:05	29.0	8.00
2017-10-14 20:46:06	29.0	8.00
2017-10-14 20:47:06	29.0	8.00
2017-10-14 20:48:06	29.0	8.00
2017-10-14 20:49:06	29.0	8.00
2017-10-14 20:50:06	29.0	8.00
2017-10-14 20:51:06	29.0	8.00
2017-10-14 20:52:05	29.0	8.00
2017-10-14 20:53:09	29.0	8.00
2017-10-14 20:54:06	29.0	8.00
2017-10-14 20:55:09	29.0	8.00
2017-10-14 20:56:06	29.0	8.00
2017-10-14 20:57:06	29.0	8.00
2017-10-14 20:58:05	29.0	8.00
2017-10-14 20:59:06	29.0	8.00
2017-10-14 21:00:06	29.0	8.00
2017-10-14 21:01:06	29.0	8.00
2017-10-14 21:02:08	29.0	8.00
2017-10-14 21:03:06	29.0	8.00
2017-10-14 21:04:06	29.0	8.00
2017-10-14 21:05:06	29.0	8.00
2017-10-14 21:06:05	29.0	8.00
2017-10-14 21:07:09	29.0	8.00
2017-10-14 21:08:05	29.0	8.00
2017-10-14 21:09:06	29.0	8.00
2017-10-14 21:10:05	29.0	8.00
2017-10-14 21:11:06	29.0	8.00
2017-10-14 21:12:09	29.0	8.00
2017-10-14 21:13:06	29.0	8.00
2017-10-14 21:14:05	29.0	8.00
2017-10-14 21:15:09	29.0	8.00
2017-10-14 21:16:06	29.0	8.00
2017-10-14 21:17:06	29.0	8.00
2017-10-14 21:18:06	29.0	8.00
2017-10-14 21:19:06	29.0	8.00
2017-10-14 21:20:06	29.0	8.00
2017-10-14 21:21:08	29.0	8.00
2017-10-14 21:22:06	29.0	8.00
2017-10-14 21:23:08	29.0	8.00
2017-10-14 21:24:06	29.0	8.00
2017-10-14 21:25:06	29.0	8.00
2017-10-14 21:26:06	29.0	8.00
2017-10-14 21:27:06	29.0	8.00
2017-10-14 21:28:06	29.0	8.00
2017-10-14 21:29:08	29.0	8.00
2017-10-14 21:30:06	29.0	8.00
2017-10-14 21:31:06	29.0	8.00
2017-10-14 21:32:06	29.0	8.00
2017-10-14 21:33:06	29.0	8.00
2017-10-14 21:34:06	29.0	8.00
2017-10-14 21:35:08	29.0	8.00
2017-10-14 21:36:06	29.0	8.00
2017-10-14 21:37:06	29.0	8.00
2017-10-14 21:38:08	29.0	8.00
2017-10-14 21:39:06	29.0	8.00
2017-10-14 21:40:06	29.0	8.00
2017-10-14 21:41:06	29.0	8.00
2017-10-14 21:42:06	29.0	8.00
2017-10-14 21:43:06	29.0	8.00
2017-10-14 21:44:06	29.0	8.00
2017-10-14 21:45:06	29.0	8.00
2017-10-14 21:46:06	29.0	8.00
2017-10-14 21:47:06	29.0	8.00
2017-10-14 21:48:05	29.0	8.00
2017-10-14 21:49:06	29.0	8.00
2017-10-14 21:50:06	29.0	8.00
2017-10-14 21:51:06	29.0	8.00
2017-10-14 21:52:06	29.0	8.00
2017-10-14 21:53:06	29.0	8.00
2017-10-14 21:54:06	29.0	8.00
2017-10-14 21:55:06	29.0	8.00
2017-10-14 21:56:06	29.0	8.00
2017-10-14 21:57:06	29.0	8.00
2017-10-14 21:58:06	29.0	8.00
2017-10-14 21:59:06	29.0	8.00
2017-10-14 22:00:08	29.0	8.00
2017-10-14 22:01:06	29.0	8.00
2017-10-14 22:02:06	29.0	8.00
2017-10-14 22:03:06	29.0	8.00
2017-10-14 22:04:05	29.0	8.00
2017-10-14 22:05:06	29.0	8.00
2017-10-14 22:06:08	29.0	8.00
2017-10-14 22:07:06	29.0	8.00
2017-10-14 22:08:06	29.0	8.00
2017-10-14 22:09:06	29.0	8.00
2017-10-14 22:10:05	29.0	8.00
2017-10-14 22:11:09	29.0	8.00
2017-10-14 22:12:06	29.0	8.00
2017-10-14 22:13:05	29.0	8.00
2017-10-14 22:14:06	29.0	8.00
2017-10-14 22:15:06	29.0	8.00
2017-10-14 22:16:06	29.0	8.00
2017-10-14 22:17:08	29.0	8.00
2017-10-14 22:18:06	29.0	8.00
2017-10-14 22:19:06	29.0	8.00
2017-10-14 22:20:08	29.0	8.00
2017-10-14 22:21:06	29.0	8.00
2017-10-14 22:22:06	29.0	8.00
2017-10-14 22:23:05	29.0	8.00
2017-10-14 22:24:06	29.0	8.00
2017-10-14 22:25:11	29.0	8.00
2017-10-14 22:26:06	29.0	8.00
2017-10-14 22:27:08	29.0	8.00
2017-10-14 22:28:06	29.0	8.00
2017-10-14 22:29:06	29.0	8.00
2017-10-14 22:30:08	29.0	8.00
2017-10-14 22:31:06	29.0	8.00
2017-10-14 22:32:06	29.0	8.00
2017-10-14 22:33:06	29.0	8.00
2017-10-14 22:34:08	29.0	8.00
2017-10-14 22:35:08	29.0	8.00
2017-10-14 22:36:06	29.0	8.00
2017-10-14 22:37:06	29.0	8.00
2017-10-14 22:38:06	29.0	8.00
2017-10-14 22:39:06	29.0	8.00
2017-10-14 22:40:06	29.0	8.00
2017-10-14 22:41:06	29.0	8.00
2017-10-14 22:42:06	29.0	8.00
2017-10-14 22:43:05	29.0	8.00
2017-10-14 22:44:06	29.0	8.00
2017-10-14 22:45:06	29.0	8.00
2017-10-14 22:46:08	29.0	8.00
2017-10-14 22:47:08	29.0	8.00
2017-10-14 22:48:06	29.0	8.00
2017-10-14 22:49:06	29.0	8.00
2017-10-14 22:50:06	29.0	8.00
2017-10-14 22:51:06	29.0	8.00
2017-10-14 22:52:06	29.0	8.00
2017-10-14 22:53:08	29.0	8.00
2017-10-14 22:54:06	29.0	8.00
2017-10-14 22:55:06	29.0	8.00
2017-10-14 22:56:11	29.0	8.00
2017-10-14 22:57:06	29.0	8.00
2017-10-14 22:58:06	29.0	8.00
2017-10-14 22:59:05	29.0	8.00
2017-10-14 23:00:05	29.0	8.00
2017-10-14 23:01:09	29.0	8.00
2017-10-14 23:02:06	29.0	8.00
2017-10-14 23:03:05	29.0	8.00
2017-10-14 23:04:06	29.0	8.00
2017-10-14 23:05:05	29.0	8.00
2017-10-14 23:06:06	29.0	8.00
2017-10-14 23:07:06	29.0	8.00
2017-10-14 23:08:06	29.0	8.00
2017-10-14 23:09:06	29.0	8.00
2017-10-14 23:10:08	29.0	8.00
2017-10-14 23:11:06	29.0	8.00
2017-10-14 23:12:06	29.0	8.00
2017-10-14 23:13:06	29.0	8.00
2017-10-14 23:14:06	29.0	8.00
2017-10-14 23:15:06	29.0	8.00
2017-10-14 23:16:09	29.0	8.00
2017-10-14 23:17:06	29.0	8.00
2017-10-14 23:18:06	29.0	8.00
2017-10-14 23:19:11	29.0	8.00
2017-10-14 23:20:06	29.0	8.00
2017-10-14 23:21:06	29.0	8.00
2017-10-14 23:22:06	29.0	8.00
2017-10-14 23:23:06	29.0	8.00
2017-10-14 23:24:06	29.0	8.00
2017-10-14 23:25:06	29.0	8.00
2017-10-14 23:26:06	29.0	8.00
2017-10-14 23:27:06	29.0	8.00
2017-10-14 23:28:06	29.0	8.00
2017-10-14 23:29:06	29.0	8.00
2017-10-14 23:30:06	29.0	8.00
2017-10-14 23:31:08	29.0	8.00
2017-10-14 23:32:06	29.0	8.00
2017-10-14 23:33:06	29.0	8.00
2017-10-14 23:34:06	29.0	8.00
2017-10-14 23:35:06	29.0	8.00
2017-10-14 23:36:11	29.0	8.00
2017-10-14 23:37:06	29.0	8.00
2017-10-14 23:38:08	29.0	8.00
2017-10-14 23:39:06	29.0	8.00
2017-10-14 23:40:06	29.0	8.00
2017-10-14 23:41:06	29.0	8.00
2017-10-14 23:42:06	29.0	8.00
2017-10-14 23:43:08	29.0	8.00
2017-10-14 23:44:05	29.0	8.00
2017-10-14 23:45:06	29.0	8.00
2017-10-14 23:46:06	29.0	8.00
2017-10-14 23:47:06	29.0	8.00
2017-10-14 23:48:06	29.0	8.00
2017-10-14 23:49:06	29.0	8.00
2017-10-14 23:50:08	29.0	8.00
2017-10-14 23:51:06	29.0	8.00
2017-10-14 23:52:06	29.0	8.00
2017-10-14 23:53:06	29.0	8.00
2017-10-14 23:54:06	29.0	8.00
2017-10-14 23:55:06	29.0	8.00
2017-10-14 23:56:06	29.0	8.00
2017-10-14 23:57:06	29.0	8.00
2017-10-14 23:58:05	29.0	8.00
2017-10-14 23:59:06	29.0	8.00
2017-10-15 00:00:06	29.0	8.00
2017-10-15 00:01:06	29.0	8.00
2017-10-15 00:02:05	29.0	8.00
2017-10-15 00:03:06	29.0	8.00
2017-10-15 00:04:06	29.0	8.00
2017-10-15 00:05:06	29.0	8.00
2017-10-15 00:06:06	29.0	8.00
2017-10-15 00:07:09	29.0	8.00
2017-10-15 00:08:06	29.0	8.00
2017-10-15 00:09:06	29.0	8.00
2017-10-15 00:10:06	29.0	8.00
2017-10-15 00:11:06	29.0	8.00
2017-10-15 00:12:06	29.0	8.00
2017-10-15 00:13:06	29.0	8.00
2017-10-15 00:14:09	29.0	8.00
2017-10-15 00:15:05	29.0	8.00
2017-10-15 00:16:06	29.0	8.00
2017-10-15 00:17:06	29.0	8.00
2017-10-15 00:18:06	29.0	8.00
2017-10-15 00:19:09	29.0	8.00
2017-10-15 00:20:06	29.0	8.00
2017-10-15 00:21:09	29.0	8.00
2017-10-15 00:22:05	29.0	8.00
2017-10-15 00:23:06	29.0	8.00
2017-10-15 00:24:06	29.0	8.00
2017-10-15 00:25:06	29.0	8.00
2017-10-15 00:26:06	29.0	8.00
2017-10-15 00:27:06	29.0	8.00
2017-10-15 00:28:05	29.0	8.00
2017-10-15 00:29:06	29.0	8.00
2017-10-15 00:30:06	29.0	8.00
2017-10-15 00:31:06	29.0	8.00
2017-10-15 00:32:06	29.0	8.00
2017-10-15 00:33:11	29.0	8.00
2017-10-15 00:34:05	29.0	8.00
2017-10-15 00:35:06	29.0	8.00
2017-10-15 00:36:06	29.0	8.00
2017-10-15 00:37:06	29.0	8.00
2017-10-15 00:38:06	29.0	8.00
2017-10-15 00:39:06	29.0	8.00
2017-10-15 00:40:06	29.0	8.00
2017-10-15 00:41:06	29.0	8.00
2017-10-15 00:42:06	29.0	8.00
2017-10-15 00:43:06	29.0	8.00
2017-10-15 00:44:06	29.0	8.00
2017-10-15 00:45:06	30.0	8.00
2017-10-15 00:46:05	30.0	8.00
2017-10-15 00:47:06	30.0	8.00
2017-10-15 00:48:06	29.0	8.00
2017-10-15 00:49:06	29.0	8.00
2017-10-15 00:50:06	29.0	8.00
2017-10-15 00:51:06	29.0	8.00
2017-10-15 00:52:05	30.0	8.00
2017-10-15 00:53:06	29.0	8.00
2017-10-15 00:54:06	29.0	8.00
2017-10-15 00:55:06	29.0	8.00
2017-10-15 00:56:06	30.0	8.00
2017-10-15 00:57:05	30.0	8.00
2017-10-15 00:58:06	30.0	8.00
2017-10-15 00:59:06	29.0	8.00
2017-10-15 01:00:06	30.0	8.00
2017-10-15 01:01:06	30.0	8.00
2017-10-15 01:02:06	30.0	8.00
2017-10-15 01:03:06	30.0	8.00
2017-10-15 01:04:09	30.0	8.00
2017-10-15 01:05:06	30.0	8.00
2017-10-15 01:06:06	30.0	8.00
2017-10-15 01:07:05	30.0	8.00
2017-10-15 01:08:06	30.0	8.00
2017-10-15 01:09:06	30.0	8.00
2017-10-15 01:10:06	30.0	8.00
2017-10-15 01:11:09	30.0	8.00
2017-10-15 01:12:06	30.0	8.00
2017-10-15 01:13:06	30.0	8.00
2017-10-15 01:14:08	30.0	8.00
2017-10-15 01:15:09	30.0	8.00
2017-10-15 01:16:05	30.0	8.00
2017-10-15 01:17:06	30.0	8.00
2017-10-15 01:18:06	30.0	8.00
2017-10-15 01:19:06	30.0	8.00
2017-10-15 01:20:06	30.0	8.00
2017-10-15 01:21:06	30.0	8.00
2017-10-15 01:22:06	30.0	8.00
2017-10-15 01:23:06	30.0	8.00
2017-10-15 01:24:05	30.0	8.00
2017-10-15 01:25:09	30.0	8.00
2017-10-15 01:26:06	30.0	8.00
2017-10-15 01:27:06	30.0	8.00
2017-10-15 01:28:06	30.0	8.00
2017-10-15 01:29:05	30.0	8.00
2017-10-15 01:30:09	30.0	8.00
2017-10-15 01:31:05	30.0	8.00
2017-10-15 01:32:08	30.0	8.00
2017-10-15 01:33:06	30.0	8.00
2017-10-15 01:34:06	30.0	8.00
2017-10-15 01:35:06	30.0	8.00
2017-10-15 01:36:06	30.0	8.00
2017-10-15 01:37:06	30.0	8.00
2017-10-15 01:38:05	30.0	8.00
2017-10-15 01:39:06	30.0	8.00
2017-10-15 01:40:06	30.0	8.00
2017-10-15 01:41:08	30.0	8.00
2017-10-15 01:42:08	30.0	8.00
2017-10-15 01:43:06	30.0	8.00
2017-10-15 01:44:06	30.0	8.00
2017-10-15 01:45:06	30.0	8.00
2017-10-15 01:46:08	30.0	8.00
2017-10-15 01:47:08	30.0	8.00
2017-10-15 01:48:06	30.0	8.00
2017-10-15 01:49:06	30.0	8.00
2017-10-15 01:50:06	30.0	8.00
2017-10-15 01:51:08	30.0	8.00
2017-10-15 01:52:06	30.0	8.00
2017-10-15 01:53:08	30.0	8.00
2017-10-15 01:54:06	30.0	8.00
2017-10-15 01:55:06	30.0	8.00
2017-10-15 01:56:06	30.0	8.00
2017-10-15 01:57:06	30.0	8.00
2017-10-15 01:58:06	30.0	8.00
2017-10-15 01:59:05	30.0	8.00
2017-10-15 02:00:09	30.0	8.00
2017-10-15 02:01:05	30.0	8.00
2017-10-15 02:02:06	30.0	8.00
2017-10-15 02:03:06	30.0	8.00
2017-10-15 02:04:06	30.0	8.00
2017-10-15 02:05:06	30.0	8.00
2017-10-15 02:06:13	29.0	8.00
2017-10-15 18:43:14	29.0	8.00
2017-10-15 18:44:06	29.0	8.00
2017-10-15 18:45:06	29.0	8.00
2017-10-15 18:46:06	29.0	8.00
2017-10-15 18:47:11	29.0	8.00
2017-10-15 18:48:06	29.0	9.00
2017-10-15 18:49:07	28.0	10.00
2017-10-15 18:50:13	26.0	12.00
2017-10-15 18:51:06	26.0	12.00
2017-10-15 18:52:14	24.0	14.00
2017-10-15 18:53:06	24.0	16.00
2017-10-15 18:54:06	24.0	17.00
2017-10-15 18:55:06	23.0	18.00
2017-10-15 18:56:19	22.0	19.00
2017-10-15 18:57:19	22.0	20.00
2017-10-15 18:58:14	22.0	20.00
2017-10-15 18:59:09	22.0	21.00
2017-10-15 19:00:06	22.0	20.00
2017-10-15 19:01:06	21.0	21.00
2017-10-15 19:02:06	21.0	21.00
2017-10-15 19:03:07	21.0	21.00
2017-10-15 19:04:06	21.0	20.00
2017-10-15 19:05:11	21.0	19.00
2017-10-15 19:06:06	21.0	19.00
2017-10-15 19:07:06	21.0	19.00
2017-10-15 19:08:06	22.0	19.00
2017-10-15 19:09:06	21.0	19.00
2017-10-15 19:10:11	21.0	20.00
2017-10-15 19:11:09	21.0	20.00
2017-10-15 19:12:07	21.0	20.00
2017-10-15 19:13:06	21.0	20.00
2017-10-15 19:14:06	21.0	20.00
2017-10-15 19:15:11	20.0	21.00
2017-10-15 19:16:14	20.0	21.00
2017-10-15 19:17:07	20.0	21.00
2017-10-15 19:18:11	20.0	21.00
2017-10-15 19:19:11	20.0	20.00
2017-10-15 19:20:06	20.0	21.00
2017-10-15 19:21:06	20.0	21.00
2017-10-15 19:22:06	20.0	21.00
2017-10-15 19:23:09	20.0	21.00
2017-10-15 19:24:06	20.0	21.00
2017-10-15 19:25:06	20.0	21.00
2017-10-15 19:26:09	20.0	21.00
2017-10-15 19:27:06	20.0	21.00
2017-10-15 19:28:09	20.0	22.00
2017-10-15 19:29:09	20.0	22.00
2017-10-15 19:30:09	19.0	22.00
2017-10-15 19:31:16	19.0	22.00
2017-10-15 19:32:06	19.0	22.00
2017-10-15 19:33:06	19.0	22.00
2017-10-15 19:34:09	19.0	21.00
2017-10-15 19:35:11	20.0	19.00
2017-10-15 19:36:08	22.0	18.00
2017-10-15 19:37:06	22.0	17.00
2017-10-15 19:38:06	22.0	16.00
2017-10-15 19:39:06	23.0	15.00
2017-10-15 19:40:06	23.0	14.00
2017-10-15 19:41:09	23.0	13.00
2017-10-15 19:42:06	24.0	13.00
2017-10-15 19:43:06	24.0	13.00
2017-10-15 19:44:09	24.0	12.00
2017-10-15 19:45:06	24.0	12.00
2017-10-15 19:46:09	24.0	11.00
2017-10-15 19:47:06	25.0	11.00
2017-10-15 19:48:09	25.0	11.00
2017-10-15 19:49:09	25.0	10.00
2017-10-15 19:50:09	25.0	10.00
2017-10-15 19:51:06	25.0	9.00
2017-10-15 19:52:06	26.0	10.00
2017-10-15 19:53:09	26.0	10.00
2017-10-15 19:54:06	26.0	10.00
2017-10-15 19:55:06	26.0	9.00
2017-10-15 19:56:06	26.0	9.00
2017-10-15 19:57:06	26.0	9.00
2017-10-15 19:58:12	26.0	9.00
2017-10-15 19:59:06	26.0	8.00
2017-10-15 20:00:11	26.0	8.00
2017-10-15 20:01:06	26.0	8.00
2017-10-15 20:02:06	27.0	8.00
2017-10-15 20:03:09	27.0	8.00
2017-10-15 20:04:06	27.0	8.00
2017-10-15 20:05:07	13.0	8.00
2017-10-15 20:06:06	27.0	8.00
2017-10-15 20:07:05	27.0	8.00
2017-10-15 20:08:06	27.0	8.00
2017-10-15 20:09:09	27.0	7.00
2017-10-15 20:10:07	27.0	7.00
2017-10-15 20:11:06	27.0	7.00
2017-10-15 20:12:07	27.0	7.00
2017-10-15 20:13:07	27.0	7.00
2017-10-15 20:14:06	27.0	7.00
2017-10-15 20:15:06	27.0	7.00
2017-10-15 20:16:06	27.0	7.00
2017-10-15 20:17:09	27.0	6.00
2017-10-15 20:18:07	27.0	6.00
2017-10-15 20:19:09	27.0	6.00
2017-10-15 20:20:06	28.0	6.00
2017-10-15 20:21:06	27.0	6.00
2017-10-15 20:22:06	28.0	7.00
2017-10-15 20:23:06	28.0	7.00
2017-10-15 20:24:08	28.0	7.00
2017-10-15 20:25:11	28.0	7.00
2017-10-15 20:26:06	28.0	7.00
2017-10-15 20:27:06	28.0	7.00
2017-10-15 20:28:09	28.0	7.00
2017-10-15 20:29:06	28.0	7.00
2017-10-15 20:30:06	28.0	7.00
2017-10-15 20:31:06	28.0	7.00
2017-10-15 20:32:07	28.0	7.00
2017-10-15 20:33:07	28.0	7.00
2017-10-15 20:34:06	28.0	7.00
2017-10-15 20:35:09	28.0	7.00
2017-10-15 20:36:06	28.0	7.00
2017-10-15 20:37:09	28.0	7.00
2017-10-15 20:38:06	28.0	7.00
2017-10-15 20:39:06	28.0	7.00
2017-10-15 20:40:06	28.0	7.00
2017-10-15 20:41:07	28.0	7.00
2017-10-15 20:42:07	28.0	7.00
2017-10-15 20:43:09	28.0	7.00
2017-10-15 20:44:09	28.0	7.00
2017-10-15 20:45:11	28.0	7.00
2017-10-15 20:46:07	28.0	7.00
2017-10-15 20:47:09	28.0	7.00
2017-10-15 20:48:06	28.0	7.00
2017-10-15 20:49:06	28.0	7.00
2017-10-15 20:50:09	28.0	7.00
2017-10-15 20:51:09	28.0	7.00
2017-10-15 20:52:09	28.0	9.00
2017-10-15 20:53:07	26.0	11.00
2017-10-15 20:54:07	25.0	13.00
2017-10-15 20:55:06	24.0	15.00
2017-10-15 20:56:07	23.0	17.00
2017-10-15 20:57:06	22.0	18.00
2017-10-15 20:58:06	22.0	19.00
2017-10-15 20:59:06	22.0	19.00
2017-10-15 21:00:06	21.0	20.00
2017-10-15 21:01:06	21.0	20.00
2017-10-15 21:02:07	21.0	21.00
2017-10-15 21:03:06	21.0	20.00
2017-10-15 21:04:16	20.0	20.00
2017-10-15 21:05:06	20.0	21.00
2017-10-15 21:06:14	21.0	19.00
2017-10-15 21:07:06	22.0	16.00
2017-10-15 21:08:11	23.0	14.00
2017-10-15 21:09:07	23.0	13.00
2017-10-15 21:10:07	24.0	12.00
2017-10-15 21:11:11	25.0	11.00
2017-10-15 21:12:06	25.0	11.00
2017-10-15 21:13:06	25.0	10.00
2017-10-15 21:14:07	25.0	10.00
2017-10-15 21:15:06	25.0	11.00
2017-10-15 21:16:07	26.0	10.00
2017-10-15 21:17:06	26.0	10.00
2017-10-15 21:18:08	26.0	9.00
2017-10-15 21:19:09	26.0	9.00
2017-10-15 21:20:27	27.0	8.00
2017-10-15 21:21:12	27.0	8.00
2017-10-15 21:22:06	27.0	8.00
2017-10-15 21:23:06	27.0	8.00
2017-10-15 21:24:06	27.0	8.00
2017-10-15 21:25:07	27.0	8.00
2017-10-15 21:26:06	27.0	8.00
2017-10-15 21:27:07	27.0	8.00
2017-10-15 21:28:06	27.0	7.00
2017-10-15 21:29:06	27.0	7.00
2017-10-15 21:30:06	27.0	7.00
2017-10-15 21:31:06	27.0	7.00
2017-10-15 21:32:06	27.0	7.00
2017-10-15 21:33:11	27.0	8.00
2017-10-15 21:34:11	28.0	8.00
2017-10-15 21:35:06	28.0	8.00
2017-10-15 21:36:06	28.0	8.00
2017-10-15 21:37:06	28.0	8.00
2017-10-15 21:38:06	28.0	8.00
2017-10-15 21:39:06	28.0	8.00
2017-10-15 21:40:06	28.0	8.00
2017-10-15 21:41:09	28.0	8.00
2017-10-15 21:42:06	28.0	8.00
2017-10-15 21:43:06	28.0	8.00
2017-10-15 21:44:06	28.0	7.00
2017-10-15 21:45:06	28.0	7.00
2017-10-15 21:46:06	28.0	7.00
2017-10-15 21:47:11	28.0	7.00
2017-10-15 21:48:06	28.0	7.00
2017-10-15 21:49:06	28.0	7.00
2017-10-15 21:50:07	28.0	7.00
2017-10-15 21:51:09	28.0	7.00
2017-10-15 21:52:08	28.0	7.00
2017-10-15 21:53:06	28.0	7.00
2017-10-15 21:54:06	28.0	7.00
2017-10-15 21:55:07	28.0	7.00
2017-10-15 21:56:09	28.0	7.00
2017-10-15 21:57:06	28.0	7.00
2017-10-15 21:58:07	28.0	7.00
2017-10-15 21:59:11	28.0	8.00
2017-10-15 22:00:12	29.0	7.00
2017-10-15 22:01:09	28.0	8.00
2017-10-15 22:02:08	25.0	10.00
2017-10-15 22:03:06	25.0	12.00
2017-10-15 22:04:06	24.0	14.00
2017-10-15 22:05:06	23.0	13.00
2017-10-15 22:06:06	24.0	11.00
2017-10-15 22:07:09	25.0	10.00
2017-10-15 22:08:08	26.0	10.00
2017-10-15 22:09:06	26.0	9.00
2017-10-15 22:10:06	26.0	8.00
2017-10-15 22:25:06	27.0	7.00
2017-10-15 22:26:09	28.0	7.00
2017-10-15 22:27:06	28.0	7.00
2017-10-15 22:28:06	28.0	7.00
2017-10-15 22:29:11	28.0	7.00
2017-10-15 22:30:07	28.0	7.00
2017-10-15 22:31:06	28.0	7.00
2017-10-15 22:32:06	28.0	7.00
2017-10-15 22:33:09	28.0	8.00
2017-10-15 22:34:06	28.0	7.00
2017-10-15 22:35:06	28.0	7.00
2017-10-15 22:36:06	28.0	7.00
2017-10-15 22:37:06	29.0	7.00
2017-10-15 22:38:06	29.0	8.00
2017-10-15 22:53:09	29.0	8.00
2017-10-15 22:54:14	29.0	8.00
2017-10-15 22:55:06	29.0	8.00
2017-10-15 22:56:06	29.0	8.00
2017-10-15 22:57:09	29.0	8.00
2017-10-15 22:58:09	29.0	8.00
2017-10-15 22:59:06	29.0	8.00
2017-10-15 23:00:09	29.0	8.00
2017-10-15 23:01:06	29.0	8.00
2017-10-15 23:02:07	29.0	8.00
2017-10-15 23:03:11	29.0	8.00
2017-10-15 23:04:06	29.0	8.00
2017-10-15 23:05:09	29.0	8.00
2017-10-15 23:06:09	29.0	8.00
2017-10-15 23:07:09	29.0	8.00
2017-10-15 23:08:06	29.0	8.00
2017-10-15 23:09:06	29.0	8.00
2017-10-15 23:10:06	29.0	8.00
2017-10-15 23:11:06	29.0	8.00
2017-10-15 23:12:06	29.0	8.00
2017-10-15 23:13:09	29.0	8.00
2017-10-15 23:14:11	29.0	8.00
2017-10-15 23:15:06	29.0	8.00
2017-10-15 23:16:07	29.0	8.00
2017-10-15 23:17:06	29.0	8.00
2017-10-15 23:18:06	29.0	8.00
2017-10-15 23:19:06	29.0	8.00
2017-10-15 23:20:06	29.0	8.00
2017-10-15 23:21:09	29.0	8.00
2017-10-15 23:22:11	29.0	8.00
2017-10-15 23:23:07	29.0	8.00
2017-10-15 23:24:11	29.0	8.00
2017-10-15 23:25:06	29.0	8.00
2017-10-15 23:26:11	29.0	8.00
2017-10-15 23:27:06	29.0	8.00
2017-10-15 23:28:06	29.0	8.00
2017-10-15 23:29:06	29.0	8.00
2017-10-15 23:30:09	29.0	8.00
2017-10-15 23:31:07	29.0	8.00
2017-10-15 23:32:06	29.0	8.00
2017-10-15 23:33:06	29.0	8.00
2017-10-15 23:34:06	29.0	8.00
2017-10-15 23:35:09	29.0	8.00
2017-10-15 23:36:06	29.0	8.00
2017-10-15 23:37:06	29.0	8.00
2017-10-15 23:38:07	29.0	8.00
2017-10-15 23:39:07	29.0	8.00
2017-10-15 23:40:06	29.0	8.00
2017-10-15 23:41:06	29.0	8.00
2017-10-15 23:42:06	29.0	8.00
2017-10-15 23:43:09	29.0	8.00
2017-10-15 23:44:09	29.0	8.00
2017-10-15 23:45:09	29.0	8.00
2017-10-15 23:46:06	29.0	8.00
2017-10-15 23:47:06	29.0	8.00
2017-10-15 23:48:09	27.0	10.00
2017-10-15 23:49:06	26.0	11.00
2017-10-15 23:50:09	25.0	13.00
2017-10-15 23:51:06	24.0	14.00
2017-10-15 23:52:06	24.0	16.00
2017-10-15 23:53:06	23.0	17.00
2017-10-15 23:54:06	22.0	18.00
2017-10-15 23:55:17	21.0	19.00
2017-10-15 23:56:09	22.0	19.00
2017-10-15 23:57:09	21.0	20.00
2017-10-15 23:58:06	21.0	20.00
2017-10-15 23:59:07	21.0	20.00
2017-10-16 00:00:06	20.0	138.00
2017-10-16 00:01:06	20.0	21.00
2017-10-16 00:02:14	20.0	21.00
2017-10-16 00:04:14	20.0	21.00
2017-10-16 00:05:06	20.0	21.00
2017-10-16 00:06:06	20.0	21.00
2017-10-16 00:07:08	19.0	22.00
2017-10-16 00:08:09	19.0	22.00
2017-10-16 00:09:07	19.0	23.00
2017-10-16 00:10:06	19.0	21.00
2017-10-16 00:11:09	20.0	22.00
2017-10-16 00:12:06	19.0	22.00
2017-10-16 00:13:14	19.0	22.00
2017-10-16 00:14:07	19.0	22.00
2017-10-16 00:15:06	19.0	23.00
2017-10-16 00:16:09	19.0	23.00
2017-10-16 00:17:06	19.0	23.00
2017-10-16 00:18:06	19.0	23.00
2017-10-16 00:19:06	19.0	23.00
2017-10-16 00:20:06	19.0	26.00
2017-10-16 00:21:06	19.0	21.00
2017-10-16 00:22:07	21.0	18.00
2017-10-16 00:23:07	22.0	16.00
2017-10-16 00:24:07	23.0	137.00
2017-10-16 00:25:06	22.0	20.00
2017-10-16 00:26:07	21.0	20.00
2017-10-16 00:27:06	20.0	21.00
2017-10-16 00:28:06	20.0	22.00
2017-10-16 00:29:06	19.0	23.00
2017-10-16 00:30:06	19.0	23.00
2017-10-16 00:31:06	19.0	26.00
2017-10-16 00:32:06	19.0	22.00
2017-10-16 00:33:06	21.0	18.00
2017-10-16 00:34:06	22.0	16.00
2017-10-16 00:35:06	23.0	17.00
2017-10-16 00:36:07	22.0	19.00
2017-10-16 00:37:07	21.0	20.00
2017-10-16 00:38:06	21.0	21.00
2017-10-16 00:39:07	20.0	22.00
2017-10-16 00:40:06	19.0	22.00
2017-10-16 00:41:06	19.0	25.00
2017-10-16 00:42:09	19.0	22.00
2017-10-16 00:43:06	21.0	19.00
2017-10-16 00:44:09	23.0	16.00
2017-10-16 00:45:06	23.0	16.00
2017-10-16 00:46:06	22.0	18.00
2017-10-16 00:47:09	21.0	20.00
2017-10-16 00:48:06	21.0	21.00
2017-10-16 00:49:06	20.0	22.00
2017-10-16 00:50:06	19.0	23.00
2017-10-16 00:51:06	19.0	23.00
2017-10-16 00:52:22	20.0	19.00
2017-10-16 00:53:06	22.0	16.00
2017-10-16 00:54:06	23.0	16.00
2017-10-16 00:55:09	23.0	19.00
2017-10-16 00:56:06	22.0	20.00
2017-10-16 00:57:07	21.0	21.00
2017-10-16 00:58:07	20.0	22.00
2017-10-16 00:59:06	20.0	23.00
2017-10-16 01:00:06	19.0	22.00
2017-10-16 01:01:09	20.0	19.00
2017-10-16 01:02:07	22.0	16.00
2017-10-16 01:03:07	23.0	16.00
2017-10-16 01:04:06	23.0	19.00
2017-10-16 01:05:08	22.0	20.00
2017-10-16 01:06:09	21.0	21.00
2017-10-16 01:07:09	20.0	22.00
2017-10-16 01:08:11	19.0	22.00
2017-10-16 01:09:06	19.0	23.00
2017-10-16 01:10:06	20.0	20.00
2017-10-16 01:11:09	23.0	17.00
2017-10-16 01:12:06	23.0	16.00
2017-10-16 01:13:09	23.0	19.00
2017-10-16 01:14:07	22.0	19.00
2017-10-16 01:15:06	21.0	20.00
2017-10-16 01:16:09	20.0	21.00
2017-10-16 01:17:07	20.0	22.00
2017-10-16 01:18:09	20.0	23.00
2017-10-16 01:19:06	20.0	20.00
2017-10-16 01:20:06	22.0	17.00
2017-10-16 01:21:06	23.0	16.00
2017-10-16 01:22:09	23.0	18.00
2017-10-16 01:23:09	21.0	20.00
2017-10-16 01:24:06	20.0	21.00
2017-10-16 01:25:06	20.0	22.00
2017-10-16 01:26:05	19.0	26.00
2017-10-16 01:27:09	21.0	21.00
2017-10-16 01:28:06	21.0	18.00
2017-10-16 01:29:11	23.0	16.00
2017-10-16 01:30:06	23.0	17.00
2017-10-16 01:31:06	22.0	19.00
2017-10-16 01:32:07	21.0	20.00
2017-10-16 01:33:06	20.0	22.00
2017-10-16 01:34:08	19.0	24.00
2017-10-16 01:35:07	19.0	21.00
2017-10-16 06:59:13	28.0	7.00
2017-10-16 06:59:22	14.0	7.00
2017-10-16 07:00:06	28.0	7.00
2017-10-16 07:01:06	28.0	7.00
2017-10-16 07:02:09	28.0	7.00
2017-10-16 07:03:06	28.0	7.00
2017-10-16 07:04:08	28.0	7.00
2017-10-16 07:05:06	28.0	7.00
2017-10-16 07:06:06	28.0	7.00
2017-10-16 07:07:06	28.0	7.00
2017-10-16 07:08:06	28.0	7.00
2017-10-16 07:09:06	28.0	7.00
2017-10-16 07:10:06	28.0	7.00
2017-10-16 07:11:11	28.0	7.00
2017-10-16 07:12:06	28.0	7.00
2017-10-16 07:13:11	28.0	7.00
2017-10-16 07:14:06	28.0	7.00
2017-10-16 07:15:07	28.0	7.00
2017-10-16 07:16:06	28.0	7.00
2017-10-16 07:17:06	28.0	7.00
2017-10-16 07:18:09	28.0	7.00
2017-10-16 07:19:06	28.0	7.00
2017-10-16 07:20:08	28.0	7.00
2017-10-16 07:21:07	28.0	7.00
2017-10-16 07:22:07	28.0	7.00
2017-10-16 07:23:07	28.0	7.00
2017-10-16 07:24:07	28.0	7.00
2017-10-16 07:25:07	28.0	7.00
2017-10-16 07:26:07	28.0	7.00
2017-10-16 07:27:07	28.0	7.00
2017-10-16 07:28:07	28.0	7.00
2017-10-16 07:29:07	28.0	7.00
2017-10-16 07:30:07	28.0	7.00
2017-10-16 07:31:07	28.0	7.00
2017-10-16 07:32:08	28.0	7.00
2017-10-16 07:33:06	28.0	7.00
2017-10-16 07:34:06	28.0	7.00
2017-10-16 07:35:06	28.0	7.00
2017-10-16 07:36:06	28.0	7.00
2017-10-16 07:37:06	28.0	7.00
2017-10-16 07:38:06	28.0	7.00
2017-10-16 07:39:06	28.0	7.00
2017-10-16 07:40:06	28.0	7.00
2017-10-16 07:41:06	28.0	7.00
2017-10-16 07:42:07	28.0	7.00
2017-10-16 07:43:06	28.0	7.00
2017-10-16 07:44:06	28.0	7.00
2017-10-16 07:45:06	28.0	7.00
2017-10-16 07:46:06	28.0	7.00
2017-10-16 07:47:06	28.0	7.00
2017-10-16 07:48:06	28.0	7.00
2017-10-16 07:49:06	28.0	7.00
2017-10-16 07:50:06	28.0	7.00
2017-10-16 07:51:06	28.0	7.00
2017-10-16 07:52:06	28.0	7.00
2017-10-16 07:53:06	28.0	7.00
2017-10-16 07:54:06	28.0	7.00
2017-10-16 07:55:06	28.0	7.00
2017-10-16 07:56:06	28.0	7.00
2017-10-16 07:57:06	28.0	7.00
2017-10-16 07:58:06	28.0	7.00
2017-10-16 07:59:06	28.0	7.00
2017-10-16 08:00:06	28.0	7.00
2017-10-16 08:01:06	28.0	7.00
2017-10-16 08:02:06	28.0	7.00
2017-10-16 08:03:09	28.0	7.00
2017-10-16 08:04:06	28.0	7.00
2017-10-16 08:05:06	28.0	7.00
2017-10-16 08:06:06	28.0	7.00
2017-10-16 08:07:06	28.0	7.00
2017-10-16 08:08:06	28.0	7.00
2017-10-16 08:09:06	28.0	7.00
2017-10-16 08:10:09	28.0	7.00
2017-10-16 08:11:06	28.0	7.00
2017-10-16 08:12:07	28.0	7.00
2017-10-16 08:13:07	28.0	7.00
2017-10-16 08:14:07	28.0	7.00
2017-10-16 08:15:07	28.0	7.00
2017-10-16 08:16:06	28.0	7.00
2017-10-16 08:17:06	28.0	7.00
2017-10-16 08:18:06	28.0	7.00
2017-10-16 08:19:06	28.0	7.00
2017-10-16 08:20:06	28.0	7.00
2017-10-16 08:21:06	28.0	7.00
2017-10-16 08:22:09	28.0	7.00
2017-10-16 08:23:06	28.0	7.00
2017-10-16 08:24:08	28.0	7.00
2017-10-16 08:25:07	28.0	7.00
2017-10-16 08:26:07	28.0	7.00
2017-10-16 08:27:06	28.0	7.00
2017-10-16 08:28:06	28.0	7.00
2017-10-16 08:29:08	28.0	7.00
2017-10-16 08:30:06	28.0	7.00
2017-10-16 08:31:06	28.0	7.00
2017-10-16 08:32:06	28.0	7.00
2017-10-16 08:33:08	28.0	7.00
2017-10-16 08:34:06	28.0	7.00
2017-10-16 08:35:06	28.0	7.00
2017-10-16 08:36:07	28.0	7.00
2017-10-16 08:37:06	28.0	7.00
2017-10-16 08:38:08	28.0	7.00
2017-10-16 08:39:06	28.0	7.00
2017-10-16 08:40:06	28.0	7.00
2017-10-16 08:41:06	28.0	7.00
2017-10-16 08:42:06	28.0	7.00
2017-10-16 08:43:06	28.0	7.00
2017-10-16 08:44:06	28.0	7.00
2017-10-16 08:45:06	28.0	7.00
2017-10-16 08:46:06	29.0	7.00
2017-10-16 08:47:07	28.0	7.00
2017-10-16 08:48:07	29.0	7.00
2017-10-16 08:49:06	29.0	8.00
2017-10-16 08:50:07	29.0	8.00
2017-10-16 08:51:06	28.0	8.00
2017-10-16 08:52:06	29.0	8.00
2017-10-16 08:53:06	28.0	8.00
2017-10-16 08:54:06	29.0	7.00
2017-10-16 08:55:06	29.0	8.00
2017-10-16 08:56:06	29.0	7.00
2017-10-16 08:57:06	29.0	8.00
2017-10-16 08:58:09	29.0	7.00
2017-10-16 08:59:09	29.0	8.00
2017-10-16 09:00:06	29.0	8.00
2017-10-16 09:01:06	29.0	8.00
2017-10-16 09:02:06	29.0	8.00
2017-10-16 09:03:06	29.0	8.00
2017-10-16 09:04:06	29.0	8.00
2017-10-16 09:05:06	29.0	8.00
2017-10-16 09:06:06	29.0	8.00
2017-10-16 09:07:09	29.0	8.00
2017-10-16 09:08:06	29.0	8.00
2017-10-16 09:09:09	28.0	8.00
2017-10-16 09:10:06	29.0	8.00
2017-10-16 09:11:06	29.0	8.00
2017-10-16 09:12:09	29.0	8.00
2017-10-16 09:13:06	29.0	8.00
2017-10-16 09:14:09	29.0	8.00
2017-10-16 09:15:07	29.0	8.00
2017-10-16 09:16:07	29.0	8.00
2017-10-16 09:17:07	29.0	8.00
2017-10-16 09:18:07	29.0	8.00
2017-10-16 09:19:06	29.0	8.00
2017-10-16 09:20:06	29.0	8.00
2017-10-16 09:21:08	29.0	8.00
2017-10-16 09:22:09	29.0	8.00
2017-10-16 09:23:06	29.0	8.00
2017-10-16 09:24:06	29.0	8.00
2017-10-16 09:25:09	29.0	8.00
2017-10-16 09:26:06	29.0	8.00
2017-10-16 09:27:07	29.0	8.00
2017-10-16 09:28:06	29.0	8.00
2017-10-16 09:29:07	29.0	8.00
2017-10-16 09:30:06	29.0	8.00
2017-10-16 09:31:06	29.0	8.00
2017-10-16 09:32:06	29.0	8.00
2017-10-16 09:33:08	29.0	8.00
2017-10-16 09:34:06	29.0	8.00
2017-10-16 09:35:07	29.0	8.00
2017-10-16 09:36:07	29.0	8.00
2017-10-16 09:37:09	29.0	8.00
2017-10-16 09:38:06	29.0	8.00
2017-10-16 09:39:06	29.0	8.00
2017-10-16 09:40:06	29.0	8.00
2017-10-16 09:41:06	29.0	8.00
2017-10-16 09:42:06	29.0	8.00
2017-10-16 09:43:06	29.0	8.00
2017-10-16 09:44:09	29.0	8.00
2017-10-16 09:45:06	29.0	8.00
2017-10-16 09:46:06	29.0	8.00
2017-10-16 09:47:06	29.0	8.00
2017-10-16 09:48:06	29.0	8.00
2017-10-16 09:49:06	29.0	8.00
2017-10-16 09:50:09	29.0	8.00
2017-10-16 09:51:07	29.0	8.00
2017-10-16 09:52:06	29.0	8.00
2017-10-16 09:53:06	29.0	8.00
2017-10-16 09:54:06	29.0	8.00
2017-10-16 09:55:06	29.0	8.00
2017-10-16 09:56:06	29.0	8.00
2017-10-16 09:57:06	29.0	8.00
2017-10-16 09:58:06	29.0	8.00
2017-10-16 09:59:06	29.0	8.00
2017-10-16 10:00:06	29.0	8.00
2017-10-16 10:01:06	29.0	8.00
2017-10-16 10:02:06	29.0	8.00
2017-10-16 10:03:07	29.0	8.00
2017-10-16 10:04:09	29.0	8.00
2017-10-16 10:05:06	29.0	8.00
2017-10-16 10:06:06	29.0	8.00
2017-10-16 10:07:06	29.0	8.00
2017-10-16 10:08:06	29.0	8.00
2017-10-16 10:09:06	29.0	8.00
2017-10-16 10:10:06	29.0	8.00
2017-10-16 10:11:09	29.0	8.00
2017-10-16 10:12:06	29.0	8.00
2017-10-16 10:13:08	29.0	8.00
2017-10-16 10:14:07	29.0	8.00
2017-10-16 10:15:07	29.0	8.00
2017-10-16 10:16:09	29.0	8.00
2017-10-16 10:17:06	29.0	8.00
2017-10-16 10:18:09	29.0	8.00
2017-10-16 10:19:08	29.0	8.00
2017-10-16 10:20:06	29.0	8.00
2017-10-16 10:21:06	29.0	8.00
2017-10-16 10:22:06	29.0	8.00
2017-10-16 10:23:09	29.0	8.00
2017-10-16 10:24:06	29.0	8.00
2017-10-16 10:25:09	29.0	8.00
2017-10-16 10:26:06	29.0	8.00
2017-10-16 10:27:06	29.0	8.00
2017-10-16 10:28:06	29.0	8.00
2017-10-16 10:29:06	29.0	8.00
2017-10-16 10:30:07	29.0	8.00
2017-10-16 10:31:06	29.0	8.00
2017-10-16 10:32:08	29.0	8.00
2017-10-16 10:33:06	29.0	8.00
2017-10-16 10:34:06	29.0	8.00
2017-10-16 10:35:06	29.0	8.00
2017-10-16 10:36:06	29.0	8.00
2017-10-16 10:37:08	29.0	8.00
2017-10-16 10:38:07	29.0	8.00
2017-10-16 10:39:06	29.0	8.00
2017-10-16 10:40:07	29.0	8.00
2017-10-16 10:41:06	29.0	8.00
2017-10-16 10:42:06	29.0	8.00
2017-10-16 10:43:07	29.0	8.00
2017-10-16 10:44:07	29.0	8.00
2017-10-16 10:45:09	29.0	8.00
2017-10-16 10:46:06	29.0	8.00
2017-10-16 10:47:06	29.0	8.00
2017-10-16 10:48:06	29.0	8.00
2017-10-16 10:49:06	29.0	8.00
2017-10-16 10:50:06	29.0	8.00
2017-10-16 10:51:06	29.0	8.00
2017-10-16 10:52:06	29.0	8.00
2017-10-16 10:53:06	29.0	8.00
2017-10-16 10:54:06	29.0	8.00
2017-10-16 10:55:06	29.0	8.00
2017-10-16 10:56:06	29.0	8.00
2017-10-16 10:57:06	29.0	8.00
2017-10-16 10:58:06	29.0	8.00
2017-10-16 10:59:06	29.0	8.00
2017-10-16 11:00:09	29.0	8.00
2017-10-16 11:01:06	29.0	8.00
2017-10-16 11:02:06	29.0	8.00
2017-10-16 11:03:06	29.0	8.00
2017-10-16 11:04:06	29.0	8.00
2017-10-16 11:05:06	29.0	8.00
2017-10-16 11:06:06	29.0	8.00
2017-10-16 11:07:06	29.0	8.00
2017-10-16 11:08:06	29.0	8.00
2017-10-16 11:09:06	29.0	8.00
2017-10-16 11:10:06	29.0	8.00
2017-10-16 11:11:06	29.0	8.00
2017-10-16 11:12:06	29.0	8.00
2017-10-16 11:13:09	29.0	8.00
2017-10-16 11:14:06	29.0	8.00
2017-10-16 11:15:06	29.0	8.00
2017-10-16 11:16:06	29.0	8.00
2017-10-16 11:17:06	29.0	8.00
2017-10-16 11:18:06	29.0	8.00
2017-10-16 11:19:06	29.0	8.00
2017-10-16 11:20:09	29.0	8.00
2017-10-16 11:21:06	29.0	8.00
2017-10-16 11:22:06	29.0	8.00
2017-10-16 11:23:06	29.0	8.00
2017-10-16 11:24:06	29.0	8.00
2017-10-16 11:25:06	29.0	8.00
2017-10-16 11:26:06	29.0	8.00
2017-10-16 11:27:09	29.0	8.00
2017-10-16 11:28:06	29.0	8.00
2017-10-16 11:29:06	29.0	8.00
2017-10-16 11:30:08	29.0	8.00
2017-10-16 11:31:06	29.0	8.00
2017-10-16 11:32:06	29.0	8.00
2017-10-16 11:33:06	29.0	8.00
2017-10-16 11:34:09	29.0	8.00
2017-10-16 11:35:07	29.0	8.00
2017-10-16 11:36:07	29.0	8.00
2017-10-16 11:37:06	29.0	8.00
2017-10-16 11:38:06	29.0	8.00
2017-10-16 11:39:06	29.0	8.00
2017-10-16 11:40:06	29.0	8.00
2017-10-16 11:41:06	29.0	8.00
2017-10-16 11:42:06	29.0	8.00
2017-10-16 11:43:06	29.0	8.00
2017-10-16 11:44:07	29.0	8.00
2017-10-16 11:45:07	29.0	8.00
2017-10-16 11:46:07	29.0	8.00
2017-10-16 11:47:06	29.0	8.00
2017-10-16 11:48:07	29.0	8.00
2017-10-16 11:49:06	29.0	8.00
2017-10-16 11:50:08	29.0	8.00
2017-10-16 11:51:06	29.0	8.00
2017-10-16 11:52:06	29.0	8.00
2017-10-16 11:53:06	29.0	8.00
2017-10-16 11:54:06	29.0	8.00
2017-10-16 11:55:06	29.0	8.00
2017-10-16 11:56:06	29.0	8.00
2017-10-16 11:57:06	29.0	8.00
2017-10-16 11:58:06	29.0	8.00
2017-10-16 11:59:06	29.0	8.00
2017-10-16 12:00:07	29.0	8.00
2017-10-16 12:01:07	29.0	8.00
2017-10-16 12:02:06	29.0	8.00
2017-10-16 12:03:06	29.0	8.00
2017-10-16 12:04:07	29.0	8.00
2017-10-16 12:05:06	29.0	8.00
2017-10-16 12:06:06	29.0	8.00
2017-10-16 12:07:06	29.0	8.00
2017-10-16 12:08:06	29.0	8.00
2017-10-16 12:09:06	29.0	8.00
2017-10-16 12:10:06	29.0	8.00
2017-10-16 12:11:06	29.0	8.00
2017-10-16 12:12:06	29.0	8.00
2017-10-16 12:13:06	29.0	8.00
2017-10-16 12:14:06	29.0	8.00
2017-10-16 12:15:07	29.0	8.00
2017-10-16 12:16:07	29.0	8.00
2017-10-16 12:17:09	29.0	8.00
2017-10-16 12:18:06	29.0	8.00
2017-10-16 12:19:09	29.0	8.00
2017-10-16 12:20:06	29.0	8.00
2017-10-16 12:21:06	29.0	8.00
2017-10-16 12:22:06	29.0	8.00
2017-10-16 12:23:06	29.0	8.00
2017-10-16 12:24:06	29.0	8.00
2017-10-16 12:25:06	29.0	8.00
2017-10-16 12:26:06	29.0	8.00
2017-10-16 12:27:06	29.0	8.00
2017-10-16 12:28:06	29.0	8.00
2017-10-16 12:29:06	29.0	8.00
2017-10-16 12:30:06	29.0	8.00
2017-10-16 12:31:09	29.0	8.00
2017-10-16 12:32:06	29.0	8.00
2017-10-16 12:33:09	29.0	8.00
2017-10-16 12:34:07	29.0	8.00
2017-10-16 12:35:07	29.0	8.00
2017-10-16 12:36:07	29.0	8.00
2017-10-16 12:37:07	29.0	8.00
2017-10-16 12:38:07	29.0	8.00
2017-10-16 12:39:06	29.0	8.00
2017-10-16 12:40:09	29.0	8.00
2017-10-16 12:41:06	29.0	8.00
2017-10-16 12:42:06	29.0	8.00
2017-10-16 12:43:06	29.0	8.00
2017-10-16 12:44:06	29.0	8.00
2017-10-16 12:45:09	29.0	8.00
2017-10-16 12:46:07	29.0	8.00
2017-10-16 12:47:07	29.0	8.00
2017-10-16 12:48:07	29.0	8.00
2017-10-16 12:49:06	29.0	8.00
2017-10-16 12:50:08	29.0	8.00
2017-10-16 12:51:06	29.0	8.00
2017-10-16 12:52:06	29.0	8.00
2017-10-16 12:53:06	29.0	8.00
2017-10-16 12:54:06	29.0	8.00
2017-10-16 12:55:06	29.0	8.00
2017-10-16 12:56:06	29.0	8.00
2017-10-16 12:57:06	29.0	8.00
2017-10-23 15:12:19	28.0	7.00
2017-10-23 15:13:06	29.0	7.00
2017-10-23 15:14:06	28.0	7.00
2017-10-23 15:15:07	28.0	8.00
2017-10-23 15:16:06	28.0	8.00
2017-10-23 15:17:06	28.0	8.00
2017-10-23 15:18:07	28.0	8.00
2017-10-23 15:19:06	27.0	8.00
2017-10-23 15:20:06	27.0	9.00
2017-10-23 15:21:06	27.0	9.00
2017-10-23 15:22:06	27.0	10.00
2017-10-23 15:23:06	26.0	10.00
2017-10-23 15:24:07	26.0	10.00
2017-10-23 15:25:09	26.0	10.00
2017-10-23 15:26:06	26.0	10.00
2017-10-23 15:27:08	26.0	10.00
2017-10-23 15:28:06	26.0	11.00
2017-10-23 15:29:07	26.0	11.00
2017-10-23 15:30:07	26.0	11.00
2017-10-23 15:31:07	26.0	11.00
2017-10-23 15:32:09	26.0	11.00
2017-10-23 15:33:06	25.0	10.00
2017-10-23 15:34:06	26.0	10.00
2017-10-23 15:35:06	25.0	10.00
2017-10-23 15:36:06	25.0	10.00
2017-10-23 15:37:06	25.0	10.00
2017-10-23 15:38:06	25.0	10.00
2017-10-23 15:39:07	25.0	10.00
2017-10-23 15:40:06	25.0	10.00
2017-10-23 15:41:06	25.0	10.00
2017-10-23 15:42:06	25.0	10.00
2017-10-23 15:43:09	25.0	10.00
2017-10-23 15:44:06	25.0	11.00
2017-10-23 15:45:06	25.0	11.00
2017-10-23 15:46:06	25.0	11.00
2017-10-23 15:47:06	25.0	11.00
2017-10-23 15:48:06	25.0	11.00
2017-10-23 15:49:09	25.0	11.00
2017-10-23 15:50:06	25.0	11.00
2017-10-23 15:51:07	25.0	11.00
2017-10-23 15:52:06	24.0	11.00
2017-10-23 15:53:06	24.0	11.00
2017-10-23 15:54:09	24.0	11.00
2017-10-23 15:55:06	25.0	10.00
2017-10-23 15:56:06	25.0	10.00
2017-10-23 15:57:06	25.0	10.00
2017-10-23 15:58:06	25.0	9.00
2017-10-23 15:59:09	26.0	10.00
2017-10-23 16:00:06	26.0	10.00
2017-10-23 16:01:06	26.0	10.00
2017-10-23 16:02:06	26.0	9.00
2017-10-23 16:03:09	26.0	9.00
2017-10-23 16:04:06	26.0	9.00
2017-10-23 16:05:06	26.0	9.00
2017-10-23 16:06:06	26.0	9.00
2017-10-23 16:07:06	26.0	9.00
2017-10-23 16:08:09	26.0	9.00
2017-10-23 16:09:07	27.0	9.00
2017-10-23 16:10:09	27.0	8.00
2017-10-23 16:11:06	27.0	8.00
2017-10-23 16:12:06	27.0	8.00
2017-10-23 16:13:06	27.0	8.00
2017-10-23 16:14:07	27.0	8.00
2017-10-23 16:15:08	27.0	8.00
2017-10-23 16:16:06	27.0	8.00
2017-10-23 16:18:26	27.0	8.00
2017-10-23 16:19:07	27.0	8.00
2017-10-23 16:20:06	27.0	8.00
2017-10-23 16:21:09	27.0	8.00
2017-10-23 16:22:06	13.0	8.00
2017-10-23 16:23:06	27.0	8.00
2017-10-23 16:24:12	28.0	8.00
2017-10-23 16:30:33	28.0	8.00
2017-10-23 16:31:08	28.0	8.00
2017-10-23 16:32:06	28.0	8.00
2017-10-23 16:33:06	28.0	8.00
2017-10-23 16:35:16	28.0	7.00
2017-10-23 16:36:07	28.0	8.00
2017-10-23 16:37:27	28.0	7.00
2017-10-23 16:38:08	28.0	7.00
2017-10-23 16:39:11	28.0	7.00
2017-10-23 16:40:06	28.0	7.00
2017-10-23 16:41:06	28.0	7.00
2017-10-23 16:42:07	28.0	7.00
2017-10-23 16:55:29	28.0	7.00
2017-10-23 16:56:06	28.0	7.00
2017-10-23 16:57:06	28.0	7.00
2017-10-23 16:58:09	28.0	7.00
2017-10-23 16:59:06	27.0	7.00
2017-10-23 17:00:06	27.0	8.00
2017-10-23 17:01:06	27.0	9.00
2017-10-23 17:02:07	26.0	9.00
2017-10-23 17:03:06	26.0	9.00
2017-10-23 17:04:06	26.0	9.00
2017-10-23 17:05:09	25.0	9.00
2017-10-23 17:06:19	25.0	10.00
2017-10-23 17:07:17	25.0	9.00
2017-10-23 17:08:16	25.0	9.00
2017-10-23 17:09:07	25.0	10.00
2017-10-23 17:10:09	25.0	10.00
2017-10-23 17:11:06	25.0	10.00
2017-10-23 17:12:09	24.0	10.00
2017-10-23 17:13:06	25.0	10.00
2017-10-23 17:14:07	24.0	10.00
2017-10-23 17:15:08	24.0	10.00
2017-10-23 17:16:06	25.0	10.00
2017-10-23 17:17:07	25.0	9.00
2017-10-23 17:18:06	25.0	9.00
2017-10-23 17:19:09	25.0	9.00
2017-10-23 17:20:06	26.0	9.00
2017-10-23 17:21:06	26.0	9.00
2017-10-23 17:22:09	26.0	8.00
2017-10-23 17:23:08	26.0	8.00
2017-10-23 17:24:07	26.0	8.00
2017-10-23 17:25:06	26.0	8.00
2017-10-23 17:26:06	27.0	8.00
2017-10-23 17:27:06	27.0	8.00
2017-10-23 17:28:07	27.0	8.00
2017-10-23 17:29:06	27.0	7.00
2017-10-23 17:30:11	27.0	7.00
2017-10-23 17:31:08	27.0	7.00
2017-10-23 17:32:06	27.0	7.00
2017-10-23 17:33:06	27.0	7.00
2017-10-23 17:34:09	27.0	7.00
2017-10-23 17:35:16	27.0	7.00
2017-10-23 17:36:06	27.0	7.00
2017-10-23 17:37:07	27.0	7.00
2017-10-23 17:38:06	27.0	7.00
2017-10-23 17:39:06	27.0	7.00
2017-10-23 17:40:06	27.0	7.00
2017-10-23 17:41:12	27.0	7.00
2017-10-23 17:42:06	27.0	7.00
2017-10-23 17:43:09	27.0	6.00
2017-10-23 17:44:06	27.0	6.00
2017-10-23 17:45:06	27.0	6.00
2017-10-23 17:46:06	27.0	6.00
2017-10-23 17:47:06	27.0	6.00
2017-10-23 17:48:06	27.0	6.00
2017-10-23 17:49:06	27.0	6.00
2017-10-23 17:50:06	27.0	7.00
2017-10-23 17:51:07	27.0	6.00
2017-10-23 17:52:09	27.0	6.00
2017-10-23 17:53:09	27.0	6.00
2017-10-23 17:54:09	27.0	6.00
2017-10-23 17:55:06	27.0	6.00
2017-10-23 17:56:06	27.0	6.00
2017-10-23 17:57:06	27.0	6.00
2017-10-23 17:58:06	27.0	6.00
2017-10-23 17:59:07	27.0	6.00
2017-10-23 18:00:09	27.0	6.00
2017-10-23 18:01:09	27.0	6.00
2017-10-23 18:02:12	27.0	6.00
2017-10-23 18:03:06	27.0	6.00
2017-10-23 18:04:12	27.0	6.00
2017-10-23 18:05:06	27.0	6.00
2017-10-23 18:06:07	28.0	6.00
2017-10-23 18:07:06	27.0	6.00
2017-10-23 18:08:06	27.0	6.00
2017-10-23 18:09:07	27.0	6.00
2017-10-23 18:10:06	27.0	6.00
2017-10-23 18:11:06	28.0	7.00
2017-10-23 18:12:09	27.0	6.00
2017-10-23 18:13:06	28.0	7.00
2017-10-23 18:14:09	28.0	6.00
2017-10-23 18:15:06	28.0	7.00
2017-10-23 18:16:09	28.0	7.00
2017-10-23 18:17:06	28.0	7.00
2017-10-23 18:18:06	28.0	7.00
2017-10-23 18:19:06	28.0	7.00
2017-10-23 18:20:06	28.0	7.00
2017-10-23 18:21:09	28.0	7.00
2017-10-23 18:22:06	28.0	7.00
2017-10-23 18:23:09	28.0	7.00
2017-10-23 18:24:06	28.0	7.00
2017-10-23 18:25:11	28.0	7.00
2017-10-23 18:26:06	28.0	7.00
2017-10-23 18:27:06	28.0	7.00
2017-10-23 18:28:06	28.0	7.00
2017-10-23 18:29:08	28.0	7.00
2017-10-23 18:30:06	28.0	7.00
2017-10-23 18:31:06	28.0	7.00
2017-10-23 18:32:06	28.0	7.00
2017-10-23 18:33:08	28.0	7.00
2017-10-23 18:34:06	28.0	7.00
2017-10-23 18:35:09	28.0	7.00
2017-10-23 18:36:07	28.0	131.00
2017-10-23 18:37:06	28.0	7.00
2017-10-23 18:38:06	28.0	7.00
2017-10-23 18:39:06	28.0	7.00
2017-10-23 18:40:06	28.0	7.00
2017-10-23 18:41:06	28.0	7.00
2017-10-23 18:42:07	28.0	7.00
2017-10-23 18:43:08	28.0	7.00
2017-10-23 18:44:07	28.0	7.00
2017-10-23 18:45:06	28.0	7.00
2017-10-23 18:46:07	28.0	7.00
2017-10-23 18:47:07	28.0	7.00
2017-10-23 18:48:06	28.0	7.00
2017-10-23 18:49:06	28.0	7.00
2017-10-23 18:50:09	28.0	7.00
2017-10-23 18:51:11	28.0	7.00
2017-10-23 18:52:06	28.0	7.00
2017-10-23 18:53:07	28.0	7.00
2017-10-23 18:54:06	28.0	7.00
2017-10-23 18:55:09	28.0	7.00
2017-10-23 18:56:07	28.0	7.00
2017-10-23 18:57:06	28.0	7.00
2017-10-23 18:58:09	28.0	7.00
2017-10-23 18:59:09	28.0	7.00
2017-10-23 19:00:06	28.0	7.00
2017-10-23 19:01:09	28.0	7.00
2017-10-23 19:02:06	28.0	7.00
2017-10-23 19:03:06	28.0	7.00
2017-10-23 19:04:09	28.0	7.00
2017-10-23 19:05:06	28.0	7.00
2017-10-23 19:06:06	28.0	7.00
2017-10-23 19:07:06	28.0	7.00
2017-10-23 19:08:06	28.0	7.00
2017-10-23 19:09:06	28.0	7.00
2017-10-23 19:10:07	28.0	7.00
2017-10-23 19:11:14	28.0	7.00
2017-10-23 19:12:07	28.0	7.00
2017-10-23 19:13:08	28.0	7.00
2017-10-23 19:14:07	28.0	7.00
2017-10-23 19:15:06	28.0	7.00
2017-10-23 19:16:06	28.0	7.00
2017-10-23 19:17:06	28.0	7.00
2017-10-23 19:18:08	28.0	7.00
2017-10-23 19:19:06	28.0	7.00
2017-10-23 19:20:09	28.0	7.00
2017-10-23 19:21:06	28.0	7.00
2017-10-23 19:22:14	28.0	7.00
2017-10-23 19:23:06	28.0	7.00
2017-10-23 19:24:06	28.0	7.00
2017-10-23 19:25:11	28.0	7.00
2017-10-23 19:26:07	28.0	7.00
2017-10-23 19:27:08	28.0	7.00
2017-10-23 19:28:14	28.0	7.00
2017-10-23 19:29:06	28.0	7.00
2017-10-23 19:30:06	28.0	7.00
2017-10-23 19:31:06	28.0	7.00
2017-10-23 19:32:09	28.0	7.00
2017-10-23 19:33:06	28.0	7.00
2017-10-23 19:34:06	28.0	7.00
2017-10-23 19:35:07	28.0	7.00
2017-10-23 19:36:07	28.0	7.00
2017-10-23 19:37:06	28.0	7.00
2017-10-23 19:38:11	28.0	7.00
2017-10-23 19:39:06	28.0	7.00
2017-10-23 19:40:09	28.0	7.00
2017-10-23 19:41:06	28.0	7.00
2017-10-23 19:42:07	28.0	7.00
2017-10-23 19:43:06	28.0	7.00
2017-10-23 19:44:06	28.0	7.00
2017-10-23 19:45:07	28.0	7.00
2017-10-23 19:46:06	28.0	7.00
2017-10-23 19:47:06	28.0	7.00
2017-10-23 19:48:09	28.0	7.00
2017-10-23 19:49:06	28.0	7.00
2017-10-23 19:50:06	28.0	7.00
2017-10-23 19:51:06	28.0	7.00
2017-10-23 19:52:07	28.0	7.00
2017-10-23 19:53:09	28.0	7.00
2017-10-23 19:54:09	28.0	7.00
2017-10-23 19:55:07	28.0	7.00
2017-10-23 19:56:12	28.0	7.00
2017-10-23 19:57:06	28.0	7.00
2017-10-23 19:58:07	28.0	7.00
2017-10-23 19:59:08	28.0	7.00
2017-10-23 20:00:06	28.0	7.00
2017-10-23 20:01:06	28.0	7.00
2017-10-23 20:02:07	28.0	7.00
2017-10-23 20:03:13	28.0	7.00
2017-10-23 20:04:52	28.0	7.00
2017-10-23 20:05:07	28.0	7.00
2017-10-23 20:06:06	28.0	7.00
2017-10-23 20:07:06	28.0	7.00
2017-10-23 20:08:09	28.0	7.00
2017-10-23 20:09:06	28.0	7.00
2017-10-23 20:10:09	28.0	7.00
2017-10-23 20:11:06	28.0	7.00
2017-10-23 20:12:06	28.0	7.00
2017-10-23 20:13:06	28.0	7.00
2017-10-23 20:14:06	28.0	7.00
2017-10-23 20:15:06	28.0	7.00
2017-10-23 20:16:07	28.0	7.00
2017-10-23 20:17:08	28.0	7.00
2017-10-23 20:18:11	28.0	7.00
2017-10-23 20:19:08	28.0	7.00
2017-10-23 20:20:06	28.0	7.00
2017-10-23 20:21:06	28.0	7.00
2017-10-23 20:22:09	28.0	7.00
2017-10-23 20:23:06	28.0	7.00
2017-10-23 20:24:08	28.0	7.00
2017-10-23 20:25:09	28.0	7.00
2017-10-23 20:26:06	28.0	7.00
2017-10-23 20:27:07	28.0	7.00
2017-10-23 20:28:07	28.0	7.00
2017-10-23 20:29:06	28.0	7.00
2017-10-23 20:30:09	28.0	7.00
2017-10-23 20:31:06	28.0	7.00
2017-10-23 20:32:06	28.0	7.00
2017-10-23 20:33:06	28.0	7.00
2017-10-23 20:34:06	28.0	7.00
2017-10-23 20:35:06	28.0	7.00
2017-10-23 20:36:08	28.0	7.00
2017-10-23 20:37:06	28.0	7.00
2017-10-23 20:38:06	28.0	7.00
2017-10-23 20:39:06	28.0	7.00
2017-10-23 20:40:07	28.0	7.00
2017-10-23 20:41:09	28.0	7.00
2017-10-23 20:42:06	28.0	7.00
2017-10-23 20:43:09	28.0	7.00
2017-10-23 20:44:07	28.0	7.00
2017-10-23 20:45:06	28.0	7.00
2017-10-23 20:46:07	28.0	7.00
2017-10-23 20:47:06	28.0	7.00
2017-10-23 20:48:08	28.0	7.00
2017-10-23 20:49:06	28.0	7.00
2017-10-23 20:50:06	28.0	7.00
2017-10-23 20:51:07	28.0	7.00
2017-10-23 20:52:07	28.0	7.00
2017-10-23 20:53:08	28.0	7.00
2017-10-23 20:54:06	28.0	7.00
2017-10-23 20:55:06	28.0	7.00
2017-10-23 20:56:06	28.0	7.00
2017-10-23 20:57:06	28.0	7.00
2017-10-23 20:58:06	28.0	7.00
2017-10-23 20:59:06	28.0	7.00
2017-10-23 21:00:06	28.0	7.00
2017-10-23 21:01:06	28.0	7.00
2017-10-23 21:02:09	28.0	7.00
2017-10-23 21:03:06	28.0	7.00
2017-10-23 21:04:07	28.0	7.00
2017-10-23 21:05:06	28.0	7.00
2017-10-23 21:06:09	28.0	7.00
2017-10-23 21:07:06	28.0	7.00
2017-10-23 21:08:08	28.0	7.00
2017-10-23 21:09:07	28.0	7.00
2017-10-23 21:10:08	28.0	7.00
2017-10-23 21:11:07	28.0	7.00
2017-10-23 21:12:06	28.0	7.00
2017-10-23 21:13:07	28.0	7.00
2017-10-23 21:14:09	28.0	7.00
2017-10-23 21:15:06	28.0	7.00
2017-10-23 21:16:06	28.0	7.00
2017-10-23 21:17:06	28.0	7.00
2017-10-23 21:18:06	28.0	7.00
2017-10-23 21:19:09	28.0	7.00
2017-10-23 21:20:06	28.0	7.00
2017-10-23 21:21:09	28.0	7.00
2017-10-23 21:22:06	28.0	7.00
2017-10-23 21:23:09	28.0	7.00
2017-10-23 21:24:06	28.0	7.00
2017-10-23 21:25:06	28.0	7.00
2017-10-23 21:26:09	28.0	131.00
2017-10-23 21:27:06	28.0	7.00
2017-10-23 21:28:09	28.0	7.00
2017-10-23 21:29:06	28.0	7.00
2017-10-23 21:30:06	28.0	7.00
2017-10-23 21:31:06	28.0	7.00
2017-10-23 21:32:06	28.0	7.00
2017-10-23 21:33:09	28.0	7.00
2017-10-23 21:34:06	28.0	7.00
2017-10-23 21:35:06	28.0	7.00
2017-10-23 21:36:09	28.0	7.00
2017-10-23 21:37:06	28.0	7.00
2017-10-23 21:38:12	28.0	7.00
2017-10-23 21:39:06	28.0	7.00
2017-10-23 21:40:08	28.0	7.00
2017-10-23 21:41:06	28.0	7.00
2017-10-23 21:42:06	28.0	7.00
2017-10-23 21:43:09	28.0	7.00
2017-10-23 21:44:07	28.0	7.00
2017-10-23 21:45:07	28.0	7.00
2017-10-23 21:46:06	28.0	7.00
2017-10-23 21:47:06	28.0	7.00
2017-10-23 21:48:06	28.0	7.00
2017-10-23 21:49:06	28.0	7.00
2017-10-23 21:50:07	28.0	7.00
2017-10-23 21:51:11	28.0	7.00
2017-10-23 21:52:06	28.0	7.00
2017-10-23 21:53:07	28.0	7.00
2017-10-23 21:54:08	28.0	7.00
2017-10-23 21:55:07	28.0	7.00
2017-10-23 21:56:07	28.0	7.00
2017-10-23 21:57:13	28.0	7.00
2017-10-23 21:58:06	28.0	7.00
2017-10-23 21:59:06	28.0	7.00
2017-10-23 22:00:06	28.0	7.00
2017-10-23 22:01:06	28.0	7.00
2017-10-23 22:02:09	28.0	7.00
2017-10-23 22:03:07	28.0	7.00
2017-10-23 22:04:06	28.0	7.00
2017-10-23 22:05:06	28.0	7.00
2017-10-23 22:06:06	28.0	7.00
2017-10-23 22:07:12	28.0	7.00
2017-10-23 22:08:07	28.0	7.00
2017-10-23 22:09:06	28.0	7.00
2017-10-23 22:10:06	28.0	7.00
2017-10-23 22:11:09	28.0	7.00
2017-10-23 22:12:06	28.0	7.00
2017-10-23 22:13:06	28.0	7.00
2017-10-23 22:14:06	28.0	7.00
2017-10-23 22:15:06	28.0	7.00
2017-10-23 22:16:06	28.0	7.00
2017-10-23 22:17:07	28.0	7.00
2017-10-23 22:18:08	28.0	7.00
2017-10-23 22:19:09	28.0	7.00
2017-10-23 22:20:07	28.0	7.00
2017-10-23 22:21:07	28.0	7.00
2017-10-23 22:22:06	28.0	7.00
2017-10-23 22:23:09	28.0	7.00
2017-10-23 22:24:06	28.0	7.00
2017-10-23 22:25:07	28.0	7.00
2017-10-23 22:26:09	28.0	7.00
2017-10-23 22:27:07	28.0	7.00
2017-10-23 22:28:06	28.0	7.00
2017-10-23 22:29:06	28.0	7.00
2017-10-23 22:30:09	28.0	7.00
2017-10-23 22:31:06	28.0	7.00
2017-10-23 22:32:07	28.0	7.00
2017-10-23 22:33:09	28.0	7.00
2017-10-23 22:34:06	28.0	7.00
2017-10-23 22:35:07	28.0	7.00
2017-10-23 22:36:08	28.0	7.00
2017-10-23 22:37:07	28.0	7.00
2017-10-23 22:38:06	28.0	7.00
2017-10-23 22:39:09	28.0	7.00
2017-10-23 22:40:06	28.0	7.00
2017-10-23 22:41:06	28.0	7.00
2017-10-23 22:42:06	28.0	7.00
2017-10-23 22:43:06	28.0	7.00
2017-10-23 22:44:11	28.0	7.00
2017-10-23 22:45:06	28.0	7.00
2017-10-23 22:46:06	28.0	7.00
2017-10-23 22:47:07	28.0	7.00
2017-10-23 22:48:06	28.0	7.00
2017-10-23 22:49:09	28.0	7.00
2017-10-23 22:50:11	28.0	7.00
2017-10-23 22:51:06	28.0	7.00
2017-10-23 22:52:07	28.0	7.00
2017-10-23 22:53:08	28.0	7.00
2017-10-23 22:54:09	28.0	7.00
2017-10-23 22:55:06	28.0	7.00
2017-10-23 22:56:07	28.0	7.00
2017-10-23 22:57:06	28.0	7.00
2017-10-23 22:58:11	28.0	7.00
2017-10-23 22:59:06	28.0	7.00
2017-10-23 23:00:07	28.0	7.00
2017-10-23 23:01:09	28.0	7.00
2017-10-23 23:02:06	28.0	7.00
2017-10-23 23:03:06	28.0	7.00
2017-10-23 23:04:06	28.0	7.00
2017-10-23 23:05:06	28.0	7.00
2017-10-23 23:06:06	28.0	7.00
2017-10-23 23:07:06	28.0	7.00
2017-10-23 23:08:06	28.0	7.00
2017-10-23 23:09:06	28.0	7.00
2017-10-23 23:10:06	28.0	7.00
2017-10-23 23:11:06	28.0	7.00
2017-10-23 23:12:06	28.0	7.00
2017-10-23 23:13:12	28.0	7.00
2017-10-23 23:14:07	28.0	7.00
2017-10-23 23:15:06	28.0	7.00
2017-10-23 23:16:06	28.0	7.00
2017-10-23 23:17:09	28.0	7.00
2017-10-23 23:18:06	28.0	7.00
2017-10-23 23:19:06	28.0	6.00
2017-10-23 23:20:08	28.0	6.00
2017-10-23 23:21:06	28.0	6.00
2017-10-23 23:22:06	27.0	6.00
2017-10-23 23:23:06	27.0	7.00
2017-10-23 23:24:11	28.0	7.00
2017-10-23 23:25:06	28.0	7.00
2017-10-23 23:26:11	28.0	7.00
2017-10-23 23:27:06	28.0	7.00
2017-10-23 23:28:06	28.0	7.00
2017-10-23 23:29:09	28.0	7.00
2017-10-23 23:30:09	28.0	7.00
2017-10-23 23:31:06	28.0	7.00
2017-10-23 23:32:08	28.0	7.00
2017-10-23 23:33:07	28.0	7.00
2017-10-23 23:34:09	28.0	7.00
2017-10-23 23:35:06	28.0	7.00
2017-10-23 23:36:09	28.0	7.00
2017-10-23 23:37:06	28.0	7.00
2017-10-23 23:38:07	28.0	7.00
2017-10-23 23:39:06	28.0	7.00
2017-10-23 23:40:08	28.0	7.00
2017-10-23 23:41:07	28.0	7.00
2017-10-23 23:42:06	28.0	7.00
2017-10-23 23:43:11	28.0	7.00
2017-10-23 23:44:06	28.0	7.00
2017-10-23 23:45:09	28.0	7.00
2017-10-23 23:46:09	28.0	7.00
2017-10-23 23:47:06	28.0	7.00
2017-10-23 23:48:06	28.0	7.00
2017-10-23 23:49:07	28.0	7.00
2017-10-23 23:50:08	28.0	7.00
2017-10-23 23:51:06	28.0	7.00
2017-10-23 23:52:06	28.0	7.00
2017-10-23 23:53:06	28.0	7.00
2017-10-23 23:54:07	28.0	7.00
2017-10-23 23:55:08	28.0	7.00
2017-10-23 23:56:07	28.0	7.00
2017-10-23 23:57:08	28.0	7.00
2017-10-23 23:58:06	28.0	7.00
2017-10-23 23:59:06	28.0	7.00
2017-10-24 00:00:06	28.0	7.00
2017-10-24 00:01:08	28.0	7.00
2017-10-24 00:02:09	28.0	7.00
2017-10-24 00:03:06	28.0	7.00
2017-10-24 00:04:06	28.0	7.00
2017-10-24 00:05:06	28.0	7.00
2017-10-24 00:06:07	28.0	7.00
2017-10-24 00:07:09	28.0	7.00
2017-10-24 00:08:07	28.0	7.00
2017-10-24 00:09:09	28.0	7.00
2017-10-24 00:10:06	28.0	7.00
2017-10-24 00:11:06	28.0	7.00
2017-10-24 00:12:06	28.0	7.00
2017-10-24 00:13:06	28.0	7.00
2017-10-24 00:14:06	28.0	7.00
2017-10-24 00:15:06	28.0	7.00
2017-10-24 00:16:07	28.0	7.00
2017-10-24 00:17:06	28.0	7.00
2017-10-24 00:18:06	28.0	7.00
2017-10-24 00:19:09	28.0	7.00
2017-10-24 00:20:06	28.0	7.00
2017-10-24 00:21:06	28.0	7.00
2017-10-24 00:22:07	28.0	7.00
2017-10-24 00:23:06	28.0	7.00
2017-10-24 00:24:06	28.0	7.00
2017-10-24 00:25:06	28.0	7.00
2017-10-24 00:26:09	28.0	7.00
2017-10-24 00:27:06	28.0	7.00
2017-10-24 00:28:06	28.0	7.00
2017-10-24 00:29:06	28.0	7.00
2017-10-24 00:30:06	28.0	7.00
2017-10-24 00:31:06	28.0	7.00
2017-10-24 00:32:06	28.0	7.00
2017-10-24 00:33:09	28.0	131.00
2017-10-24 00:34:08	28.0	7.00
2017-10-24 00:35:08	28.0	7.00
2017-10-24 00:36:07	28.0	7.00
2017-10-24 00:37:06	28.0	7.00
2017-10-24 00:38:08	28.0	7.00
2017-10-24 00:39:07	28.0	7.00
2017-10-24 00:40:08	28.0	7.00
2017-10-24 00:41:07	28.0	7.00
2017-10-24 00:42:08	28.0	7.00
2017-10-24 00:43:06	28.0	7.00
2017-10-24 00:44:09	28.0	7.00
2017-10-24 00:45:06	28.0	7.00
2017-10-24 00:46:09	28.0	7.00
2017-10-24 00:47:06	28.0	7.00
2017-10-24 00:48:06	28.0	7.00
2017-10-24 00:49:07	14.0	7.00
2017-10-24 00:50:06	28.0	7.00
2017-10-24 00:51:06	28.0	7.00
2017-10-24 00:52:08	28.0	7.00
2017-10-24 00:53:06	28.0	7.00
2017-10-24 00:54:07	28.0	7.00
2017-10-24 00:55:08	28.0	7.00
2017-10-24 00:56:06	28.0	7.00
2017-10-24 00:57:07	28.0	7.00
2017-10-24 00:58:06	28.0	7.00
2017-10-24 00:59:08	28.0	7.00
2017-10-24 01:00:08	28.0	7.00
2017-10-24 01:01:07	28.0	7.00
2017-10-24 01:02:07	28.0	7.00
2017-10-24 01:03:06	28.0	7.00
2017-10-24 01:04:06	28.0	7.00
2017-10-24 01:05:09	28.0	7.00
2017-10-24 01:06:06	28.0	7.00
2017-10-24 01:07:06	28.0	7.00
2017-10-24 01:08:06	28.0	7.00
2017-10-24 01:09:06	28.0	7.00
2017-10-24 01:10:06	28.0	7.00
2017-10-24 01:11:07	28.0	7.00
2017-10-24 01:12:08	28.0	7.00
2017-10-24 01:13:09	28.0	7.00
2017-10-24 01:14:06	28.0	7.00
2017-10-24 01:15:07	28.0	7.00
2017-10-24 01:16:06	28.0	7.00
2017-10-24 01:17:06	28.0	7.00
2017-10-24 01:18:06	28.0	7.00
2017-10-24 01:19:06	14.0	7.00
2017-10-24 01:20:09	28.0	7.00
2017-10-24 01:21:06	28.0	7.00
2017-10-24 01:22:06	28.0	7.00
2017-10-24 01:23:09	14.0	7.00
2017-10-24 01:24:06	28.0	7.00
2017-10-24 01:25:06	28.0	7.00
2017-10-24 01:26:06	28.0	7.00
2017-10-24 01:27:06	28.0	7.00
2017-10-24 01:28:06	28.0	7.00
2017-10-24 01:29:06	28.0	7.00
2017-10-24 01:30:09	28.0	7.00
2017-10-24 01:31:06	28.0	7.00
2017-10-24 01:32:06	28.0	7.00
2017-10-24 01:33:06	28.0	7.00
2017-10-24 01:34:07	28.0	7.00
2017-10-24 01:35:06	28.0	7.00
2017-10-24 01:36:09	28.0	7.00
2017-10-24 01:37:06	28.0	7.00
2017-10-24 01:38:06	28.0	7.00
2017-10-24 01:39:06	28.0	7.00
2017-10-24 01:40:06	28.0	7.00
2017-10-24 01:41:07	28.0	7.00
2017-10-24 01:42:06	28.0	7.00
2017-10-24 01:43:08	28.0	7.00
2017-10-24 01:44:07	28.0	7.00
2017-10-24 01:45:06	28.0	7.00
2017-10-24 01:46:06	28.0	7.00
2017-10-24 01:47:09	28.0	7.00
2017-10-24 01:48:06	28.0	7.00
2017-10-24 01:49:14	28.0	7.00
2017-10-24 01:50:06	28.0	7.00
2017-10-24 01:51:09	28.0	7.00
2017-10-24 01:52:06	28.0	7.00
2017-10-24 01:53:06	28.0	7.00
2017-10-24 01:54:09	28.0	7.00
2017-10-24 01:55:08	28.0	7.00
2017-10-24 01:56:07	28.0	7.00
2017-10-24 01:57:06	28.0	7.00
2017-10-24 01:58:06	28.0	8.00
2017-10-24 01:59:09	28.0	8.00
2017-10-24 02:00:06	29.0	8.00
2017-10-24 02:01:06	29.0	7.00
2017-10-24 02:02:07	29.0	7.00
2017-10-24 02:03:08	29.0	8.00
2017-10-24 02:04:07	29.0	8.00
2017-10-24 02:05:08	29.0	8.00
2017-10-24 02:06:07	29.0	8.00
2017-10-24 02:07:07	29.0	8.00
2017-10-24 02:08:06	29.0	8.00
2017-10-24 02:09:06	29.0	8.00
2017-10-24 02:10:09	29.0	8.00
2017-10-24 02:11:06	29.0	8.00
2017-10-24 02:12:07	29.0	8.00
2017-10-24 02:13:06	29.0	8.00
2017-10-24 02:14:26	29.0	8.00
2017-10-24 02:15:19	29.0	8.00
2017-10-24 02:16:06	29.0	8.00
2017-10-24 02:17:12	29.0	8.00
2017-10-24 02:18:06	29.0	8.00
2017-10-24 02:19:06	29.0	8.00
2017-10-24 02:20:12	29.0	8.00
2017-10-24 02:21:06	29.0	8.00
2017-10-24 02:22:07	29.0	8.00
2017-10-24 02:23:07	29.0	8.00
2017-10-24 02:24:06	29.0	8.00
2017-10-24 02:25:09	29.0	8.00
2017-10-24 02:26:06	29.0	8.00
2017-10-24 02:27:09	29.0	8.00
2017-10-24 02:28:06	29.0	8.00
2017-10-24 02:29:09	29.0	8.00
2017-10-24 02:30:14	29.0	8.00
2017-10-24 02:31:06	29.0	8.00
2017-10-24 02:32:06	29.0	8.00
                              2017-10-29 21:57:19	27.0	6.00
2017-10-29 21:58:06	27.0	7.00
2017-10-29 21:59:07	27.0	6.00
2017-10-29 22:00:06	27.0	6.00
2017-10-29 22:01:06	27.0	6.00
2017-10-29 22:02:06	27.0	6.00
2017-10-29 22:03:09	27.0	6.00
2017-10-29 22:04:06	27.0	6.00
2017-10-29 22:05:06	27.0	6.00
2017-10-29 22:06:06	27.0	6.00
2017-10-29 22:07:06	27.0	6.00
2017-10-29 22:08:06	27.0	6.00
2017-10-29 22:09:06	27.0	6.00
2017-10-29 22:10:06	27.0	6.00
2017-10-29 22:11:06	27.0	6.00
2017-10-29 22:12:11	27.0	6.00
2017-10-29 22:13:07	27.0	6.00
2017-10-29 22:14:06	27.0	6.00
2017-10-29 22:15:07	27.0	6.00
2017-10-29 22:16:06	27.0	6.00
2017-10-29 22:17:09	27.0	6.00
2017-10-29 22:18:06	27.0	6.00
2017-10-29 22:19:06	27.0	6.00
2017-10-29 22:20:06	27.0	6.00
2017-10-29 22:21:06	27.0	6.00
2017-10-29 22:22:07	27.0	6.00
2017-10-29 22:23:06	27.0	6.00
2017-10-29 22:24:08	27.0	6.00
2017-10-29 22:25:06	27.0	6.00
2017-10-29 22:26:06	27.0	6.00
2017-10-29 22:27:06	27.0	6.00
2017-10-29 22:28:06	27.0	6.00
2017-10-29 22:29:06	27.0	6.00
2017-10-29 22:30:06	27.0	6.00
2017-10-29 22:31:09	27.0	6.00
2017-10-29 22:32:07	27.0	6.00
2017-10-29 22:33:06	27.0	6.00
2017-10-29 22:34:06	27.0	6.00
2017-10-29 22:35:06	27.0	6.00
2017-10-29 22:36:06	27.0	6.00
2017-10-29 22:37:06	27.0	6.00
2017-10-29 22:38:08	27.0	6.00
2017-10-29 22:39:07	27.0	6.00
2017-10-29 22:40:06	27.0	6.00
2017-10-29 22:41:09	27.0	6.00
2017-10-29 22:42:06	27.0	6.00
2017-10-29 22:43:06	27.0	6.00
2017-10-29 22:44:06	27.0	6.00
2017-10-29 22:45:06	27.0	6.00
2017-10-29 22:46:06	27.0	6.00
2017-10-29 22:47:06	27.0	6.00
2017-10-29 22:48:09	27.0	6.00
2017-10-29 22:49:07	27.0	6.00
2017-10-29 22:50:06	27.0	6.00
2017-10-29 22:51:06	27.0	6.00
2017-10-29 22:52:06	27.0	6.00
2017-10-29 22:53:06	27.0	6.00
2017-10-29 22:54:06	27.0	6.00
2017-10-29 22:55:09	27.0	6.00
2017-10-29 22:56:06	27.0	6.00
2017-10-29 22:57:06	27.0	6.00
2017-10-29 22:58:06	27.0	6.00
2017-10-29 22:59:07	27.0	6.00
2017-10-29 23:00:06	27.0	6.00
2017-10-29 23:01:06	27.0	6.00
2017-10-29 23:02:06	27.0	6.00
2017-10-29 23:03:06	27.0	6.00
2017-10-29 23:04:06	27.0	6.00
2017-10-29 23:05:06	27.0	6.00
2017-10-29 23:06:06	27.0	6.00
2017-10-29 23:07:09	27.0	6.00
2017-10-29 23:08:06	27.0	6.00
2017-10-29 23:09:06	27.0	6.00
2017-10-29 23:10:06	27.0	6.00
2017-10-29 23:11:06	27.0	6.00
2017-10-29 23:12:06	27.0	6.00
2017-10-29 23:13:06	27.0	6.00
2017-10-29 23:14:06	27.0	6.00
2017-10-29 23:15:06	27.0	6.00
2017-10-29 23:16:44	27.0	6.00
2017-10-29 23:17:21	27.0	6.00
2017-10-29 23:18:11	27.0	6.00
2017-10-29 23:19:09	27.0	6.00
2017-10-29 23:20:06	27.0	6.00
2017-10-29 23:21:16	27.0	6.00
2017-10-29 23:22:06	27.0	6.00
2017-10-29 23:23:06	27.0	6.00
2017-10-29 23:24:22	27.0	6.00
2017-10-29 23:25:06	27.0	6.00
2017-10-29 23:26:06	27.0	6.00
2017-10-29 23:27:07	27.0	6.00
2017-10-29 23:30:22	27.0	6.00
2017-10-29 23:31:07	27.0	6.00
2017-10-29 23:32:06	27.0	6.00
2017-10-29 23:33:06	27.0	6.00
2017-10-29 23:34:06	27.0	6.00
2017-10-29 23:35:07	27.0	6.00
2017-10-29 23:36:06	27.0	6.00
2017-10-29 23:37:06	27.0	6.00
2017-10-29 23:38:06	27.0	6.00
2017-10-29 23:39:07	27.0	6.00
2017-10-29 23:40:06	27.0	6.00
2017-10-29 23:41:09	27.0	6.00
2017-10-29 23:42:06	27.0	6.00
2017-10-29 23:43:11	27.0	6.00
2017-10-29 23:44:06	27.0	6.00
2017-10-29 23:45:06	27.0	6.00
2017-10-29 23:46:09	27.0	6.00
2017-10-29 23:47:07	27.0	6.00
2017-10-29 23:48:08	27.0	6.00
2017-10-29 23:49:11	27.0	6.00
2017-10-29 23:50:09	27.0	6.00
2017-10-29 23:51:13	27.0	6.00
2017-10-29 23:52:06	27.0	6.00
2017-10-29 23:53:06	27.0	6.00
2017-10-29 23:54:09	27.0	6.00
2017-10-29 23:55:06	27.0	6.00
2017-10-29 23:56:06	27.0	6.00
2017-10-29 23:57:06	27.0	6.00
2017-10-29 23:58:06	27.0	6.00
2017-10-29 23:59:09	27.0	6.00
2017-10-30 00:00:06	27.0	6.00
2017-10-30 00:01:06	27.0	6.00
2017-10-30 00:02:06	27.0	6.00
2017-10-30 00:03:06	27.0	6.00
2017-10-30 00:04:09	27.0	6.00
2017-10-30 00:05:06	27.0	6.00
2017-10-30 00:06:09	27.0	6.00
2017-10-30 00:07:06	27.0	6.00
2017-10-30 00:08:06	27.0	6.00
2017-10-30 00:09:06	27.0	6.00
2017-10-30 00:10:06	27.0	6.00
2017-10-30 00:11:09	27.0	7.00
2017-10-30 00:12:06	27.0	6.00
2017-10-30 00:13:11	27.0	7.00
2017-10-30 00:14:06	27.0	7.00
2017-10-30 00:15:06	27.0	6.00
2017-10-30 00:16:06	27.0	6.00
2017-10-30 00:17:06	27.0	6.00
2017-10-30 00:18:09	27.0	6.00
2017-10-30 00:19:06	27.0	6.00
2017-10-30 00:20:09	27.0	6.00
2017-10-30 00:21:06	27.0	6.00
2017-10-30 00:22:06	27.0	6.00
2017-10-30 00:23:08	27.0	7.00
2017-10-30 00:24:11	27.0	7.00
2017-10-30 00:25:06	27.0	6.00
2017-10-30 00:26:06	27.0	6.00
2017-10-30 00:27:09	27.0	6.00
2017-10-30 00:28:06	27.0	6.00
2017-10-30 00:29:06	27.0	6.00
2017-10-30 00:30:06	27.0	6.00
2017-10-30 00:31:06	27.0	6.00
2017-10-30 00:32:06	27.0	6.00
2017-10-30 00:33:06	27.0	6.00
2017-10-30 00:34:09	27.0	6.00
2017-10-30 00:35:06	27.0	6.00
2017-10-30 00:36:09	27.0	6.00
2017-10-30 00:37:06	27.0	6.00
2017-10-30 00:38:06	27.0	6.00
2017-10-30 00:39:09	27.0	6.00
2017-10-30 00:40:06	27.0	6.00
2017-10-30 00:41:11	27.0	6.00
2017-10-30 00:42:06	27.0	6.00
2017-10-30 00:43:06	27.0	6.00
2017-10-30 00:44:08	27.0	6.00
2017-10-30 00:45:07	27.0	6.00
2017-10-30 00:46:09	27.0	6.00
2017-10-30 00:47:06	27.0	6.00
2017-10-30 00:48:08	27.0	6.00
2017-10-30 00:49:06	27.0	6.00
2017-10-30 00:50:06	27.0	6.00
2017-10-30 00:51:06	27.0	6.00
2017-10-30 00:52:06	27.0	6.00
2017-10-30 00:53:08	27.0	6.00
2017-10-30 00:54:07	27.0	6.00
2017-10-30 00:55:07	27.0	6.00
2017-10-30 00:56:06	27.0	6.00
2017-10-30 00:57:08	27.0	6.00
2017-10-30 00:58:08	27.0	6.00
2017-10-30 00:59:06	27.0	6.00
2017-10-30 01:00:06	27.0	6.00
2017-10-30 01:01:09	27.0	6.00
2017-10-30 01:02:06	27.0	6.00
2017-10-30 01:03:09	27.0	6.00
2017-10-30 01:04:07	27.0	6.00
2017-10-30 01:05:06	27.0	6.00
2017-10-30 01:06:06	27.0	6.00
2017-10-30 01:07:06	27.0	6.00
